Rk,Player,Pos,Age,Tm,G,GS,MP,FG,FGA,FG%,3P,3PA,3P%,2P,2PA,2P%,FT,FTA,FT%,ORB,DRB,TRB,AST,STL,BLK,TOV,PF,PTS,,ORtg,DRtg
1,Steven Adams\adamsst01,C,26,OKC,58,58,1564,8.2,13.8,0.591,0,0.1,0.333,8.1,13.7,0.593,3.4,5.7,0.59,6.1,10.8,16.9,4.4,1.6,2,2.7,3.5,19.7,,123,106
2,Bam Adebayo\adebaba01,PF,22,MIA,65,65,2235,8.9,15.7,0.567,0,0.3,0.077,8.9,15.5,0.576,5.2,7.5,0.69,3.6,11.3,15,7.3,1.7,1.9,4,3.6,23.1,,117,106
3,LaMarcus Aldridge\aldrila01,C,34,SAS,53,53,1754,10.7,21.7,0.493,1.7,4.3,0.389,9,17.4,0.519,4.3,5.2,0.827,2.8,7.9,10.7,3.5,1,2.4,2,3.5,27.4,,115,113
4,Nickeil Alexander-Walker\alexani01,SG,21,NOP,41,0,501,7.1,20.9,0.339,3.7,10.8,0.342,3.4,10.1,0.336,1.6,2.6,0.607,0.7,6.6,7.4,6.8,1,0.6,3.7,4.2,19.5,,91,113
5,Grayson Allen\allengr01,SG,24,MEM,30,0,498,7.4,16.5,0.449,3.1,8.5,0.363,4.3,8,0.541,2.8,3.3,0.857,0.5,5.7,6.2,4,0.6,0.1,2.2,3.4,20.7,,111,115
6,Jarrett Allen\allenja01,C,21,BRK,64,58,1647,7.7,11.9,0.646,0,0.1,0,7.7,11.8,0.654,4.2,6.8,0.62,5.6,11.8,17.4,2.4,1.1,2.4,2.1,4.1,19.6,,130,105
7,Kadeem Allen\allenka01,SG,27,NYK,10,0,117,7.9,18.3,0.432,2.1,6.7,0.313,5.8,11.7,0.5,2.9,4.6,0.636,0.8,2.9,3.7,8.7,2.1,0.8,3.3,2.9,20.8,,106,114
8,Al-Farouq Aminu\aminual01,PF,29,ORL,18,2,380,3.2,11,0.291,1.2,4.6,0.25,2.1,6.4,0.32,2.4,3.7,0.655,3.1,8.1,11.2,2.7,2.3,1,2.2,3.5,10,,88,107
9,Justin Anderson\anderju01,SF,26,BRK,3,0,17,2.8,16.7,0.167,0,8.4,0,2.8,8.4,0.333,2.8,5.6,0.5,0,5.6,5.6,0,0,2.8,0,5.6,8.4,,50,110
10,Kyle Anderson\anderky01,PF,26,MEM,59,20,1140,5.7,11.5,0.493,0.7,2.5,0.258,5,8.9,0.56,1.8,2.7,0.652,2.2,8.3,10.5,5.4,1.9,1.3,2.3,3.5,13.7,,111,109
11,Ryan Anderson\anderry01,PF,31,HOU,2,0,14,6.6,23.2,0.286,3.3,16.6,0.2,3.3,6.6,0.5,0,0,,0,23.2,23.2,6.6,3.3,0,3.3,3.3,16.6,,78,98
12,Giannis Antetokounmpo\antetgi01,PF,25,MIL,57,57,1763,16.2,29.5,0.547,2.2,7,0.306,14,22.5,0.622,9.4,14.8,0.633,3.4,16.9,20.3,8.5,1.5,1.5,5.4,4.5,43.8,,116,96
13,Kostas Antetokounmpo\antetko01,PF,22,LAL,3,0,5,0,0,,0,0,,0,0,,0,0,,0,9.5,9.5,9.5,0,0,0,0,0,,226,110
14,Thanasis Antetokounmpo\antetth01,SF,27,MIL,18,2,93,9.3,17.7,0.528,0,3.4,0,9.3,14.3,0.655,3.4,7.4,0.467,5.4,3.9,9.3,4.4,2.9,1,5.4,6.4,22.1,,99,101
15,Carmelo Anthony\anthoca01,PF,35,POR,50,50,1623,8.5,19.9,0.426,2.1,5.7,0.371,6.4,14.2,0.447,3.3,3.9,0.843,1.8,7.4,9.2,2.3,1.2,0.7,2.6,4.2,22.4,,102,115
16,OG Anunoby\anunoog01,SF,22,TOR,63,62,1897,6.7,13.3,0.507,2.1,5.4,0.381,4.7,7.8,0.593,1.5,2.2,0.686,1.9,6.7,8.6,2.5,2.2,1.1,1.9,3.9,17,,113,104
17,Ryan Arcidiacono\arcidry01,PG,25,CHI,58,4,930,4.7,11.4,0.409,2.8,7.1,0.391,1.9,4.2,0.439,1.4,2,0.711,1,4.7,5.7,5,1.4,0.2,1.9,5,13.5,,111,113
18,Trevor Ariza\arizatr01,SF,34,TOT,53,21,1493,4.6,10.5,0.438,2.5,6.7,0.372,2.1,3.8,0.556,2,2.4,0.838,1.1,6.9,7.9,2.9,2.2,0.5,1.8,3.6,13.7,,114,112
19,D.J. Augustin\augusdj01,PG,32,ORL,49,6,1215,6.3,15.9,0.393,2.4,7,0.345,3.9,9,0.43,5.6,6.3,0.885,0.7,3.7,4.4,9,1.2,0,2.8,2.1,20.5,,114,114
20,Deandre Ayton\aytonde01,C,21,PHO,30,25,996,12.1,22.1,0.548,0,0.1,0,12.1,22,0.552,2.9,3.7,0.769,5.8,11.3,17.1,2.7,1,2.4,3.4,4.6,27.1,,110,108
21,Dwayne Bacon\bacondw01,SG,24,CHO,39,11,687,6.2,17.8,0.348,1.4,4.9,0.284,4.8,12.9,0.373,2.6,3.9,0.66,1.1,6.2,7.3,3.8,1.7,0.1,2.7,3.8,16.3,,86,114
22,Marvin Bagley III\baglema01,PF,20,SAC,13,6,334,11.4,24.4,0.467,0.6,3.2,0.182,10.8,21.2,0.51,3.7,4.5,0.806,4.2,9.9,14.2,1.5,0.9,1.8,2.6,6.3,27,,102,110
23,Lonzo Ball\balllo01,PG,22,NOP,56,47,1817,6.6,16,0.412,3.5,9.2,0.383,3.1,6.7,0.453,1,1.7,0.567,1.6,7.2,8.8,10,2,0.8,4.4,2.8,17.7,,105,111
24,Mo Bamba\bambamo01,C,21,ORL,60,0,868,7.4,15.9,0.468,2.1,5.8,0.356,5.3,10,0.534,1.7,2.6,0.674,5.5,11.3,16.8,2.4,1.2,4.8,2.4,6.5,18.7,,111,103
25,J.J. Barea\bareajo01,PG,35,DAL,26,4,391,9.2,22.2,0.413,3.6,9.4,0.382,5.6,12.8,0.437,2.1,2.2,0.944,1.2,4.7,5.9,12.3,0.5,0.2,4.3,3.1,24,,110,115
26,Harrison Barnes\barneha02,PF,27,SAC,64,64,2231,7.1,15.5,0.459,2,5.3,0.383,5.1,10.2,0.498,4.3,5.3,0.803,1.3,5.4,6.7,3.3,0.8,0.2,1.7,1.8,20.6,,116,115
27,RJ Barrett\barrerj01,SG,19,NYK,56,55,1704,8.3,20.8,0.402,1.8,5.6,0.32,6.5,15.1,0.432,4.5,7.3,0.614,1.4,6.5,8,4.1,1.6,0.5,3.5,3.5,22.9,,95,114
28,Will Barton\bartowi01,SF,29,DEN,58,58,1916,8.6,19,0.45,2.8,7.4,0.375,5.8,11.6,0.498,2.6,3.4,0.767,2,7.4,9.4,5.5,1.6,0.7,2.3,3.1,22.5,,112,110
29,Keita Bates-Diop\bateske01,SF,24,TOT,39,0,665,6.2,14.5,0.428,2.2,6.6,0.33,4.1,8,0.509,3.4,4.8,0.71,1.5,6.4,7.8,2.1,1.2,1.5,1,2.7,18,,112,113
30,Nicolas Batum\batumni01,SF,31,CHO,22,3,505,2.8,8,0.346,1.4,4.9,0.286,1.4,3.2,0.438,0.9,1,0.9,2.5,7.4,9.9,6.5,1.7,0.8,2.2,4.1,7.8,,107,112
31,Aron Baynes\baynear01,C,33,PHO,42,28,934,9.3,19.3,0.48,3,8.5,0.351,6.3,10.8,0.582,2.8,3.8,0.747,3.6,8.4,12,3.4,0.5,1.2,2.5,7.1,24.4,,113,113
32,Kent Bazemore\bazemke01,SF-SG,30,TOT,64,21,1604,5.5,14.8,0.374,2.3,6.8,0.342,3.2,8,0.401,3.3,4.2,0.768,0.7,7.6,8.3,2.5,2.1,1.2,2.5,5.4,16.7,,96,111
33,Darius Bazley\bazleda01,PF,19,OKC,53,8,909,4.7,12.3,0.383,1.6,5.4,0.3,3.1,7,0.446,1.7,2.5,0.681,1.1,9.4,10.5,1.6,1.1,1.9,2.1,2.4,12.7,,90,108
34,Bradley Beal\bealbr01,SG,26,WAS,57,57,2053,13.5,29.6,0.455,3.9,10.9,0.353,9.6,18.7,0.515,8.8,10.4,0.842,1.2,4.3,5.5,7.9,1.6,0.5,4.4,2.9,39.6,,113,117
35,Malik Beasley\beaslma01,SG,23,TOT,55,14,1209,9.1,21.3,0.425,4.3,11,0.388,4.8,10.3,0.465,2.2,2.6,0.818,0.7,5.2,5.9,3,1.6,0.3,2.3,3.1,24.5,,105,113
36,Marco Belinelli\belinma01,SG,33,SAS,52,0,779,6.5,16.7,0.391,3.5,9.6,0.368,3,7.2,0.422,2,2.5,0.78,0.2,5.3,5.5,3.9,0.6,0.1,1,2.5,18.6,,108,118
37,Jordan Bell\belljo01,C-PF,25,TOT,29,0,256,6.4,12.2,0.522,0.7,2.2,0.333,5.6,10,0.564,3.4,5.6,0.613,5.4,9.3,14.7,2.9,0.5,1.8,3.8,3.4,16.9,,108,112
38,DeAndre' Bembry\bembrde01,SG,25,ATL,43,4,915,5.3,11.6,0.456,0.8,3.3,0.231,4.5,8.3,0.546,1.3,2.4,0.542,1.7,6,7.7,4.1,2.8,1,3.1,4.3,12.7,,95,112
39,Dragan Bender\bendedr01,SF,22,TOT,16,3,286,6.8,15.2,0.446,2.5,7.1,0.349,4.3,8.1,0.531,1.6,2.3,0.714,2.6,9.4,12,4.6,0.7,1.5,3.5,6.9,17.6,,102,110
40,Dāvis Bertāns\bertada01,PF,27,WAS,54,4,1583,7.8,18,0.434,5.9,13.9,0.424,1.9,4.1,0.471,3.1,3.6,0.852,1,6.2,7.2,2.7,1.1,1,1.7,4.1,24.6,,120,117
41,Patrick Beverley\beverpa01,PG,31,LAC,48,48,1299,5,11.8,0.428,2.7,7.2,0.379,2.3,4.6,0.504,1,1.5,0.659,2,7.4,9.4,6.5,1.9,0.9,2.3,5.4,13.8,,115,106
42,Khem Birch\birchkh01,C,27,ORL,40,24,777,3.5,7.2,0.487,0,0.1,0,3.5,7.2,0.491,2.6,4.2,0.612,4.4,6.9,11.3,2.2,1,1.3,1.4,4.6,9.6,,116,110
43,Goga Bitadze\bitadgo01,C,20,IND,49,2,410,7.2,15.3,0.473,0.7,4.3,0.167,6.5,11.1,0.591,2.9,3.9,0.727,2.6,8.8,11.4,2.5,0.7,3.8,3,6.8,18.1,,100,106
44,Bismack Biyombo\biyombi01,C,27,CHO,53,29,1029,7.4,13.5,0.543,0,0,,7.4,13.5,0.543,4.4,7.4,0.603,5.8,9.2,15,2.4,0.5,2.4,2.3,5.6,19.1,,116,112
45,Nemanja Bjelica\bjeline01,PF,31,SAC,64,61,1821,7.7,16.2,0.475,3.3,7.9,0.424,4.3,8.3,0.524,1.6,2,0.822,2.9,8.2,11,4.8,1.4,0.9,2.5,5.2,20.3,,117,111
46,Eric Bledsoe\bledser01,PG,30,MIL,56,56,1524,9.6,19.9,0.482,2.1,6,0.348,7.5,13.8,0.54,4.7,5.8,0.813,1.2,6.5,7.8,9.1,1.6,0.7,4.2,3.6,25.9,,113,103
47,Bogdan Bogdanović\bogdabo01,SG,27,SAC,53,20,1510,8.9,20.6,0.433,4.4,12.3,0.361,4.5,8.4,0.541,2.5,3.4,0.724,0.5,5,5.5,5.5,1.7,0.5,2.9,3.7,24.8,,108,113
48,Bojan Bogdanović\bogdabo02,SF,30,UTA,63,63,2083,9.8,21.9,0.447,4.4,10.7,0.414,5.4,11.2,0.479,5.9,6.5,0.903,0.9,5.1,6.1,3.1,0.8,0.2,3.7,2.6,29.8,,111,113
49,Jonah Bolden\boldejo01,PF,24,TOT,7,0,47,4.1,11.2,0.364,0,4.1,0,4.1,7.1,0.571,2,4.1,0.5,3,6.1,9.1,0,3,2,2,10.2,10.2,,79,106
50,Marques Bolden\boldema01,C,21,CLE,1,0,3,0,0,,0,0,,0,0,,0,0,,0,32.4,32.4,0,16.2,0,0,16.2,0,,,69
51,Jordan Bone\bonejo01,PG,22,DET,10,0,53,4.6,18.6,0.25,1.9,9.3,0.2,2.8,9.3,0.3,0,0,,0,3.7,3.7,7.4,0.9,0,1.9,5.6,11.1,,76,117
52,Isaac Bonga\bongais01,SF,20,WAS,58,41,1025,4.4,8.4,0.522,1,2.5,0.4,3.4,5.9,0.574,2.4,2.9,0.813,2.8,5.6,8.3,2.8,1.7,1,1.9,6.2,12.1,,121,116
53,Devin Booker\bookede01,SG,23,PHO,62,62,2241,11.5,23.6,0.487,2.7,7.4,0.36,8.8,16.2,0.544,8.6,9.3,0.916,0.6,4.9,5.5,8.6,1,0.3,5.2,4,34.2,,114,115
54,Chris Boucher\bouchch01,PF,27,TOR,55,0,724,7.8,17.1,0.458,1.8,6.5,0.283,6,10.6,0.565,5.4,6.8,0.796,6.2,9.8,15.9,1.5,1.3,3.5,1.5,6.9,22.9,,122,101
55,Brian Bowen\bowenbr02,SG,21,IND,5,1,29,3.4,15.1,0.222,0,3.4,0,3.4,11.8,0.286,0,0,,1.7,10.1,11.8,0,0,1.7,1.7,3.4,6.7,,50,109
56,Ky Bowman\bowmaky01,PG,22,GSW,45,12,1015,6.3,15.1,0.417,1.6,5,0.308,4.8,10.1,0.472,1.6,1.9,0.829,1.1,4.6,5.7,6.2,2.1,0.5,3.3,4.8,15.8,,96,115
57,Avery Bradley\bradlav01,SG,29,LAL,49,44,1186,6.8,15.4,0.444,2.5,6.9,0.364,4.3,8.4,0.51,0.8,1,0.833,0.7,3.9,4.6,2.5,1.7,0.2,1.9,4.4,17,,104,109
58,Tony Bradley\bradlto01,C,22,UTA,50,2,535,9.4,14.1,0.665,0.1,0.1,1,9.3,14,0.662,2.4,3.6,0.65,8.2,11.5,19.7,1.5,1.1,2.3,2.1,8.9,21.2,,135,105
59,Jarrell Brantley\brantja01,PF,23,UTA,5,0,13,0,0,,0,0,,0,0,,0,0,,0,18.8,18.8,3.8,0,7.5,7.5,7.5,0,,27,97
60,Ignas Brazdeikis\brazdig01,SF,21,NYK,9,0,53,5.5,20.2,0.273,0.9,8.3,0.111,4.6,11.9,0.385,3.7,4.6,0.8,1.8,2.8,4.6,3.7,0,0.9,1.8,2.8,15.6,,82,119
61,Mikal Bridges\bridgmi01,SF,23,PHO,65,24,1772,5.6,10.9,0.516,1.5,4.2,0.352,4.1,6.6,0.621,2.4,2.8,0.848,1.6,5.3,6.9,3.1,2.5,1,1.7,3.8,15.1,,119,110
62,Miles Bridges\bridgmi02,SF,21,CHO,65,64,1995,8,18.9,0.424,2.5,7.5,0.33,5.5,11.4,0.486,2.7,3.3,0.809,2.2,6.9,9.1,2.9,1,1.2,2.4,3.3,21.2,,103,114
63,Oshae Brissett\brissos01,SF,21,TOR,19,0,135,4.6,12.7,0.361,1.1,5.3,0.2,3.5,7.4,0.476,2.8,3.5,0.8,3.2,6,9.2,2.5,1.4,0.4,2.5,6.4,13.1,,96,107
64,Ryan Broekhoff\broekry01,SG,29,DAL,17,1,180,5.9,15.9,0.373,5.4,13.7,0.392,0.5,2.2,0.25,1.9,2.2,0.875,1.3,10.2,11.6,3,1.3,1.1,1.6,4,19.1,,115,109
65,Malcolm Brogdon\brogdma01,PG,27,IND,48,48,1472,9.6,21.8,0.439,2,6.5,0.313,7.5,15.4,0.491,4.8,5.4,0.895,1.3,6.2,7.5,11.4,1.1,0.3,3.8,2.9,25.9,,110,111
66,Dillon Brooks\brookdi01,SG,24,MEM,65,65,1851,9.4,23.3,0.402,3.3,9,0.369,6.1,14.3,0.423,3.6,4.5,0.809,1.5,3.8,5.4,3.2,1.4,0.6,2.7,6.2,25.7,,100,113
67,Bruce Brown\brownbr01,SG,23,DET,58,43,1634,6,13.5,0.443,1,2.9,0.344,5,10.6,0.47,2.6,3.6,0.739,1.8,6.4,8.2,6.9,1.9,0.9,3,4.9,15.6,,106,112
68,Charlie Brown\brownch02,SG,22,ATL,10,0,40,7,22.1,0.316,3.5,10.5,0.333,3.5,11.6,0.3,5.8,5.8,1,2.3,2.3,4.7,2.3,2.3,2.3,3.5,3.5,23.3,,93,114
69,Jaylen Brown\brownja02,SF,23,BOS,50,50,1702,10.7,21.9,0.49,3,8,0.381,7.7,14,0.552,4.5,6.1,0.736,1.5,7.5,9,3.1,1.6,0.5,3.3,4.3,29,,111,108
70,Moses Brown\brownmo01,C,20,POR,9,0,33,5.8,14.4,0.4,0,0,,5.8,14.4,0.4,4.3,11.6,0.375,4.3,15.9,20.2,1.4,1.4,1.4,4.3,10.1,15.9,,81,107
71,Sterling Brown\brownst02,SF,24,MIL,45,1,665,5.5,15,0.367,2.5,7.8,0.316,3,7.1,0.423,1.9,2.4,0.771,1.9,9.4,11.3,3.2,1.5,0.5,2.5,3.1,15.3,,96,102
72,Troy Brown Jr.\browntr01,SG,20,WAS,61,14,1519,7,15.5,0.453,1.5,4.5,0.345,5.5,11.1,0.496,2.6,3.5,0.754,2,8,10,4.4,2.3,0.2,2,3.4,18.3,,110,114
73,Jalen Brunson\brunsja01,PG,23,DAL,57,16,1022,8.6,18.4,0.466,2,5.7,0.358,6.5,12.7,0.515,2.9,3.6,0.813,1,5.3,6.3,8.9,1,0.2,3.1,3.5,22.1,,114,113
74,Thomas Bryant\bryanth01,C,22,WAS,38,28,901,9.5,15.9,0.599,1.1,2.8,0.407,8.4,13.1,0.64,3.6,4.9,0.737,3.9,9.6,13.5,3.7,0.7,1.7,2.5,4.4,23.8,,126,115
75,Reggie Bullock\bullore01,SG,28,NYK,29,19,684,6.4,15.9,0.402,2.6,7.9,0.333,3.8,8,0.469,1.2,1.5,0.81,0.9,3.9,4.8,3,1.8,0.2,1.4,4,16.7,,105,115
76,Trey Burke\burketr01,PG,27,PHI,25,0,329,8.7,18.8,0.465,2.4,5.6,0.421,6.3,13.1,0.483,1.9,2.7,0.722,2.2,3,5.2,7.8,1,0.1,1.8,3.1,21.7,,118,113
77,Alec Burks\burksal01,SG,28,TOT,59,18,1612,8.4,20.9,0.404,3,8.1,0.366,5.4,12.7,0.428,6.7,7.5,0.896,1.3,6.5,7.8,5.1,1.7,0.5,2.5,3.6,26.5,,110,114
78,Deonte Burton\burtode02,SG,26,OKC,34,0,284,6.7,18,0.371,1.7,7.9,0.217,5,10.1,0.492,1,2.1,0.5,1,7.2,8.2,1.9,0.9,1.7,2.4,4.8,16.1,,83,110
79,Jimmy Butler\butleji01,SF,30,MIA,54,54,1851,8.7,19.1,0.454,0.8,3.1,0.248,7.9,16,0.494,10.8,13,0.833,2.6,6.9,9.5,8.7,2.4,0.8,3.1,2,28.9,,123,108
80,Bruno Caboclo\cabocbr01,SF,24,TOT,27,0,220,6.8,16.3,0.416,0.8,5.9,0.143,5.9,10.4,0.571,0.8,1.1,0.8,4.7,6.6,11.2,2.5,2.5,3.4,1.9,5.3,15.3,,100,106
81,Kentavious Caldwell-Pope\caldwke01,SG,26,LAL,63,20,1603,6.5,13.8,0.472,2.6,6.6,0.394,3.9,7.3,0.543,2.2,2.8,0.779,1.1,2.8,3.9,3.1,1.6,0.4,1.6,3.5,17.8,,117,110
82,Vlatko Čančar\cancavl01,SF,22,DEN,14,0,45,6.6,16.5,0.4,1.1,6.6,0.167,5.5,9.9,0.556,4.4,4.4,1,5.5,5.5,11,3.3,1.1,1.1,3.3,7.7,18.7,,106,111
83,Clint Capela\capelca01,C,25,HOU,39,39,1279,8.9,14.1,0.629,0,0,,8.9,14.1,0.629,2,3.8,0.529,6.1,13.4,19.5,1.7,1.2,2.6,2.3,3.7,19.7,,124,105
84,DeMarre Carroll\carrode01,SF,33,TOT,21,0,231,4.3,11.1,0.389,1.4,5.5,0.259,2.9,5.5,0.519,4.9,7.4,0.667,2.3,7.4,9.6,3.7,0.8,0.8,3.3,5.7,15,,101,114
85,Jevon Carter\carteje01,PG,24,PHO,50,2,754,5.1,12.9,0.4,2.9,7.3,0.393,2.3,5.5,0.409,1.3,1.6,0.84,1.6,4.6,6.2,4.1,2.4,0.8,1.9,4.8,14.5,,107,111
86,Vince Carter\cartevi01,SF,43,ATL,60,0,876,5.7,16.2,0.352,3.2,10.7,0.302,2.4,5.4,0.451,1.2,1.5,0.793,1,5.6,6.6,2.6,1.2,1.3,1.8,4.8,15.9,,94,116
87,Wendell Carter Jr.\cartewe01,C,20,CHI,43,43,1256,7,13.2,0.534,0.2,1.1,0.207,6.8,12,0.564,4.3,5.8,0.737,5.3,10.2,15.5,2,1.3,1.4,2.8,6.2,18.6,,115,108
88,Michael Carter-Williams\cartemi01,SG,28,ORL,42,0,773,6.6,15.3,0.434,1.3,4.3,0.294,5.4,11,0.489,4.5,5.5,0.828,2.8,6.1,8.8,6.4,2.8,1.3,3,4.9,19.1,,110,107
89,Alex Caruso\carusal01,PG,25,LAL,58,1,1032,5.1,12,0.423,1.8,4.9,0.355,3.3,7.1,0.471,2.7,3.5,0.763,0.6,4.5,5.2,4.7,2.8,0.8,2.1,3.9,14.6,,108,106
90,Willie Cauley-Stein\caulewi01,C,26,TOT,54,39,1097,7.6,13.2,0.579,0,0,0,7.6,13.2,0.581,1.7,2.9,0.606,3.7,10.1,13.8,3.1,2.1,2.7,1.7,5.3,17,,118,108
91,Tyson Chandler\chandty01,C,37,HOU,26,5,219,3,3.8,0.778,0,0,,3,3.8,0.778,1.3,2.8,0.462,5.3,8.7,14,1.3,1.3,1.7,1.7,6.8,7.2,,135,109
92,Wilson Chandler\chandwi01,SF,32,BRK,35,3,734,4.8,11.8,0.404,2.4,7.8,0.306,2.4,4,0.597,1.3,1.5,0.87,0.7,8.7,9.4,2.5,1,0.8,2.2,5.1,13.3,,99,109
93,Joe Chealey\chealjo01,PG,24,CHO,4,0,33,0,10.6,0,0,6.1,0,0,4.6,0,3,3,1,0,0,0,1.5,6.1,0,3,3,3,,29,108
94,Zylan Cheatham\cheatzy01,SF,24,NOP,3,0,31,3,7.5,0.4,0,1.5,0,3,6,0.5,0,0,,1.5,7.5,8.9,3,0,1.5,4.5,7.5,6,,67,114
95,Chris Chiozza\chiozch01,PG,24,TOT,21,0,249,6,14.9,0.405,3.4,7.7,0.439,2.6,7.2,0.368,0.4,0.4,1,1.1,5.5,6.6,9.1,2.8,0.4,3.2,4.3,15.9,,107,111
96,Marquese Chriss\chrisma01,PF,22,GSW,59,21,1196,8.4,15.4,0.545,0.3,1.6,0.205,8.1,13.8,0.584,4.8,6.2,0.769,4.6,10,14.6,4.6,1.6,2.5,3.1,4.9,21.9,,117,110
97,Gary Clark\clarkga01,PF,25,TOT,35,1,425,4.3,11.3,0.376,3.1,9.6,0.326,1.1,1.7,0.667,0.9,1,0.889,3,6.5,9.5,1.7,0.6,1.6,0.6,3.5,12.5,,120,112
98,Brandon Clarke\clarkbr01,PF,23,MEM,50,3,1086,10.9,17.5,0.623,0.9,2.2,0.404,10,15.3,0.654,3.1,4,0.785,3.4,9.2,12.6,3.1,1.1,1.8,2,3.5,25.9,,129,109
99,Jordan Clarkson\clarkjo01,SG,27,TOT,63,0,1527,11.2,24,0.465,4.1,11.3,0.368,7,12.8,0.55,3.9,4.6,0.841,1.5,3.8,5.3,4,1.4,0.5,2.6,2.9,30.4,,114,114
100,Nicolas Claxton\claxtni01,PF,20,BRK,15,0,187,6.9,12.2,0.563,0.3,1.8,0.143,6.6,10.4,0.634,2.8,5.3,0.524,4.8,6.3,11.2,4.1,0.3,2,2.3,3.6,16.7,,118,110
101,Chris Clemons\clemoch01,SG,22,HOU,29,0,251,9.4,23.3,0.405,6.1,17.4,0.351,3.3,5.9,0.563,1.1,1.3,0.857,0.6,3.7,4.3,4.1,1.1,0.9,3.1,3.7,26.1,,104,113
102,Antonius Cleveland\clevean01,SG,25,DAL,6,0,22,4.4,13.2,0.333,0,2.2,0,4.4,11,0.4,2.2,4.4,0.5,0,6.6,6.6,0,2.2,2.2,2.2,4.4,11,,66,108
103,Amir Coffey\coffeam01,SG,22,LAC,13,0,98,6.3,15.9,0.394,0.5,3.4,0.143,5.8,12.5,0.462,0.5,1.4,0.333,1.9,4.8,6.7,4.3,0.5,0.5,1.4,5.8,13.5,,94,112
104,John Collins\collijo01,PF,22,ATL,41,41,1363,12.1,20.7,0.583,2,5,0.401,10.1,15.7,0.642,4.1,5.1,0.8,4,10.3,14.2,2.1,1.1,2.3,2.6,4.7,30.3,,124,112
105,Zach Collins\colliza01,PF,22,POR,3,3,86,5,10.5,0.474,1.7,3.9,0.429,3.3,6.7,0.5,3.3,3.3,1,2.2,4.4,6.7,3.3,0,1.1,3.3,6.1,15,,112,119
106,Mike Conley\conlemi01,PG,32,UTA,41,35,1171,8.2,20.2,0.405,3.3,8.9,0.376,4.9,11.4,0.429,3.9,4.9,0.795,1.1,4.4,5.5,7.4,1.3,0.2,3.2,3.8,23.6,,108,112
107,Pat Connaughton\connapa01,SG,27,MIL,61,1,1119,4.9,10.7,0.456,1.8,5.6,0.321,3.1,5.1,0.605,1.1,1.5,0.75,2.3,8.3,10.6,3.9,0.8,1.2,1.9,2.5,12.6,,113,103
108,Quinn Cook\cookqu01,PG,26,LAL,38,0,409,8.8,20.1,0.439,2.9,7.7,0.379,5.9,12.4,0.477,0.7,1,0.667,0.8,3.8,4.7,4.7,1.3,0.1,2.9,2.7,21.3,,100,110
109,Tyler Cook\cookty01,PF,22,CLE,11,0,35,9.7,13.9,0.7,0,0,,9.7,13.9,0.7,7,8.3,0.833,5.6,8.3,13.9,1.4,1.4,0,1.4,5.6,26.4,,150,116
110,Robert Covington\covinro01,PF,29,TOT,62,60,1867,7,16.1,0.432,3.7,10.5,0.349,3.3,5.6,0.589,2.1,2.7,0.796,1.3,8.5,9.9,1.8,2.4,2,2.3,4.9,19.7,,106,108
111,Allen Crabbe\crabbal01,SG,27,TOT,37,1,653,4.5,12.6,0.356,2.6,8.5,0.303,1.9,4.1,0.466,0.7,1,0.714,0.8,4.7,5.5,2.4,1.1,0.3,1.2,3.4,12.3,,97,117
112,Torrey Craig\craigto01,SF,29,DEN,50,19,869,5.5,11.8,0.462,2,6.2,0.33,3.4,5.6,0.606,1.1,1.8,0.645,2.7,6.1,8.9,1.9,1,1.8,1.3,6.4,14.1,,115,110
113,Jae Crowder\crowdja01,SF,29,TOT,58,46,1695,5.5,14.3,0.384,3.1,9.9,0.318,2.3,4.4,0.532,2.6,3.4,0.785,1.3,8.5,9.8,4.2,1.9,0.6,1.7,3.5,16.8,,109,109
114,Jarrett Culver\culveja01,SG,20,MIN,63,35,1506,7.1,17.5,0.404,2,6.8,0.299,5.1,10.7,0.471,1.7,3.6,0.462,2.2,4.4,6.5,3.4,1.8,1.2,2.5,3.9,17.9,,94,113
115,Seth Curry\curryse01,SG,29,DAL,59,20,1448,8.9,17.8,0.5,4.5,10,0.453,4.3,7.8,0.56,2.5,2.9,0.841,0.9,3.8,4.6,4,1.2,0.3,2,3.4,24.8,,124,114
116,Stephen Curry\curryst01,PG,31,GSW,5,5,139,11.4,28.2,0.402,4.1,16.9,0.245,7.2,11.4,0.636,9,9,1,1.4,7.6,9,11.4,1.7,0.7,5.5,3.8,35.8,,109,113
117,Troy Daniels\danietr01,SG,28,TOT,42,0,457,6.5,16.6,0.39,4.2,11.8,0.354,2.3,4.8,0.478,1,1.7,0.625,1.2,3.5,4.8,1.5,0.8,0.3,0.9,3.1,18.1,,107,111
118,Anthony Davis\davisan02,PF,26,LAL,55,55,1889,12.8,25,0.511,1.6,4.9,0.335,11.2,20.2,0.554,9.7,11.5,0.845,3.1,9.9,13,4.3,2.1,3.4,3.4,3.5,37,,121,101
119,Ed Davis\davised01,C,30,UTA,25,0,268,2.5,6.2,0.412,0,0,,2.5,6.2,0.412,0.9,2,0.455,5.3,12,17.3,1.5,1.8,1.6,2.4,10,6,,98,104
120,Terence Davis\daviste02,SG,22,TOR,64,2,1087,7.9,17.2,0.463,3.9,9.7,0.396,4.1,7.4,0.55,2,2.3,0.865,2,7.5,9.5,4.7,1.4,0.5,2.9,4.6,21.7,,113,106
121,Dewayne Dedmon\dedmode01,C,30,TOT,44,18,774,6.3,15.8,0.4,1.4,6.6,0.206,5,9.2,0.541,1.9,2.2,0.833,3.7,11.7,15.5,1.4,1.6,2.5,3.5,8.3,15.9,,90,108
122,Matthew Dellavedova\dellama01,PG,29,CLE,57,4,821,3.7,10.4,0.354,1.2,5.4,0.231,2.4,5,0.488,1.9,2.2,0.865,1.1,3.4,4.4,10.7,1.2,0.1,3.5,4.6,10.5,,103,118
123,DeMar DeRozan\derozde01,SF,30,SAS,61,61,2091,11.6,22,0.526,0.2,0.7,0.267,11.4,21.3,0.535,7.8,9.2,0.843,0.9,7,7.9,7.8,1.4,0.3,3.4,3.8,31,,117,115
124,Cheick Diallo\diallch01,C,23,PHO,44,2,467,9,13.9,0.65,0.1,0.2,0.5,8.9,13.7,0.652,3.2,3.8,0.865,2.8,10,12.9,2.2,1,1.2,3,5.5,21.4,,119,111
125,Hamidou Diallo\diallha01,SF,21,OKC,38,3,699,6.9,15.3,0.452,0.5,2.4,0.2,6.4,12.8,0.5,2,3.1,0.622,2,6.5,8.5,1.5,2,0.6,2.6,5.7,16.2,,93,109
126,Gorgui Dieng\dienggo01,C,30,TOT,58,17,1012,7.3,15.8,0.461,2.3,6.5,0.359,4.9,9.2,0.532,2.8,3.8,0.735,4,11.4,15.4,3.3,2.2,2.6,2.5,5.1,19.7,,112,106
127,Spencer Dinwiddie\dinwisp01,SG,26,BRK,64,49,1994,10.1,24.3,0.415,2.9,9.5,0.308,7.2,14.8,0.485,8.3,10.6,0.778,0.8,4.5,5.3,10.3,1,0.5,4.1,4.3,31.4,,111,112
128,Donte DiVincenzo\divindo01,SG,23,MIL,59,22,1362,7,15.2,0.462,2.6,7.4,0.344,4.5,7.8,0.576,2,2.6,0.769,2,7.7,9.7,4.6,2.7,0.6,2.4,3.3,18.6,,112,100
129,Luka Dončić\doncilu01,PG,20,DAL,54,54,1799,13.8,29.9,0.461,4.2,13.2,0.318,9.6,16.7,0.574,9.9,13.2,0.752,1.9,11.7,13.5,12.7,1.6,0.3,6.1,3.6,41.7,,116,108
130,Luguentz Dort\dortlu01,SG,20,OKC,29,21,637,5,12,0.414,1.7,5.6,0.301,3.3,6.4,0.512,2.1,2.8,0.778,1.1,3,4.1,1.6,1.8,0.2,1.1,6,13.8,,105,112
131,Damyean Dotson\dotsoda01,SG,25,NYK,48,0,836,7,16.9,0.414,3.4,9.5,0.362,3.6,7.4,0.48,1.3,1.9,0.667,0.6,4.7,5.3,3.3,1.3,0.2,1.2,2.6,18.7,,109,116
132,Sekou Doumbouya\doumbse01,SF,19,DET,38,19,754,6,15.4,0.39,1.8,6.4,0.286,4.2,9,0.464,2,3,0.674,1.3,6.4,7.7,1.2,1.3,0.5,2.3,5.2,15.9,,90,114
133,PJ Dozier\doziepj01,PG,23,DEN,21,0,234,7.6,19.2,0.396,1.5,5.9,0.25,6.1,13.3,0.46,1.5,2.3,0.636,1.1,5.3,6.3,6.1,1.5,1.1,2.3,5.7,18.1,,96,111
134,Goran Dragić\dragigo01,PG,33,MIA,54,1,1531,9.3,21.2,0.437,3.8,10,0.377,5.5,11.2,0.491,5.4,7.1,0.769,0.8,4.5,5.3,8.7,1,0.3,4.3,3.4,27.7,,110,113
135,Andre Drummond\drumman01,C,26,TOT,57,56,1879,10.9,20.5,0.533,0.1,0.9,0.143,10.8,19.6,0.551,4.4,7.7,0.575,6.5,16.1,22.6,4,2.8,2.4,5.3,5.3,26.4,,104,103
136,Jared Dudley\dudleja01,SF,34,LAL,40,1,311,3.1,7.7,0.4,2.4,5.2,0.471,0.6,2.4,0.25,0.3,0.3,1,0.8,5.8,6.6,2.9,1.8,0.5,0.9,5.5,8.9,,118,107
137,Kris Dunn\dunnkr01,PG,25,CHI,51,32,1269,5.8,13,0.444,1.1,4.3,0.259,4.7,8.7,0.535,1.5,2,0.741,0.9,6.2,7.1,6.6,3.8,0.6,2.6,6,14.2,,104,106
138,Carsen Edwards\edwarca01,SG,21,BOS,35,0,316,5.7,17.3,0.327,3.2,10.4,0.309,2.4,6.9,0.356,1.7,2,0.846,0.9,5.7,6.6,3.4,1.5,0.5,2.3,5.1,16.2,,92,109
139,Henry Ellenson\ellenhe01,PF,23,BRK,5,0,15,3.2,22.1,0.143,0,12.7,0,3.2,9.5,0.333,0,0,,6.3,12.7,19,3.2,0,0,0,3.2,6.3,,60,110
140,Wayne Ellington\ellinwa01,SG,32,NYK,36,1,558,5.3,15.2,0.351,4.4,12.5,0.35,1,2.7,0.355,1,1.1,0.846,0.3,5.3,5.7,3.8,1.1,0.3,1.6,3.6,16,,105,116
141,Joel Embiid\embiijo01,C,25,PHI,44,44,1329,12.1,25.6,0.474,2,5.9,0.348,10.1,19.7,0.511,11.4,14,0.814,4.5,14.5,19,5,1.4,2.1,4.9,5.5,37.7,,114,104
142,James Ennis\ennisja01,SF,29,TOT,61,10,1053,5.9,13.6,0.435,2.2,6.4,0.338,3.7,7.2,0.523,2.9,3.6,0.808,2.8,6.4,9.2,2.5,1.3,0.9,2,5,16.9,,111,110
143,Drew Eubanks\eubandr01,PF,22,SAS,14,3,130,7.8,10.3,0.75,0.4,0.4,1,7.4,10,0.741,3,4.1,0.727,3,10,12.9,1.8,0.7,2.2,3.7,7.8,18.8,,121,112
144,Jacob Evans\evansja02,SG,22,TOT,29,1,418,5.2,15.3,0.336,1.5,4.5,0.333,3.7,10.9,0.337,2.9,3.3,0.862,1,3.7,4.7,3.5,1.3,1.4,2.9,4.7,14.6,,86,116
145,Dante Exum\exumda01,SG,24,TOT,35,1,485,5.6,11.9,0.471,1.5,4.3,0.349,4.1,7.6,0.539,3.2,4.3,0.744,1.2,5.5,6.7,4,1.3,0.8,3.1,3.8,16,,106,115
146,Tacko Fall\fallta01,C,24,BOS,6,0,24,18.1,24.2,0.75,0,0,,18.1,24.2,0.75,2,6,0.333,0,22.2,22.2,0,0,4,6,10.1,38.3,,98,98
147,Derrick Favors\favorde01,C,28,NOP,45,43,1089,8,12.9,0.62,0,0.3,0.143,8,12.6,0.631,1.5,2.6,0.581,6.2,12.6,18.9,3.2,1.1,1.9,2.2,4.2,17.6,,126,108
148,Cristiano Felício\feliccr01,PF,27,CHI,22,0,386,4.2,6.7,0.63,0,0.2,0,4.2,6.5,0.654,2.2,2.9,0.783,6.9,5.9,12.7,2,1.2,0.2,2.2,4.2,10.7,,130,112
149,Terrance Ferguson\fergute01,SF,21,OKC,50,37,1170,3.1,8.3,0.372,1.9,6.4,0.297,1.2,1.8,0.636,0.6,0.8,0.789,1,2.1,3,1.9,1.1,0.7,1.2,6,8.7,,100,114
150,Bruno Fernando\fernabr01,C,21,ATL,56,13,713,6.7,13,0.518,0.3,2.4,0.135,6.4,10.6,0.605,1.9,3.3,0.569,4.4,8.6,12.9,3.2,1.2,1.1,2.7,7,15.7,,107,114
151,Yogi Ferrell\ferreyo01,PG,26,SAC,44,0,484,6.8,17,0.396,1.9,7,0.275,4.8,10.1,0.48,3.2,3.7,0.865,0.6,4.2,4.8,5.9,1.4,0.4,2.5,3.1,18.6,,103,114
152,Dorian Finney-Smith\finnedo01,PF,26,DAL,64,61,1898,5.5,11.7,0.468,2.5,6.8,0.374,2.9,4.9,0.599,1.8,2.5,0.722,3.2,5.8,9,2.5,1.1,0.9,1.6,3.9,15.2,,122,112
153,Bryn Forbes\forbebr01,SG,26,SAS,63,62,1579,7.4,17.7,0.417,4.5,11.6,0.388,2.9,6.1,0.47,2.3,2.7,0.833,0.4,3.5,3.8,3.3,1,0,1.7,3.4,21.5,,109,118
154,Evan Fournier\fournev01,SG,27,ORL,61,61,1931,10.3,22,0.47,4.2,10.3,0.406,6.1,11.7,0.525,4.2,5.2,0.82,0.4,3.5,4,4.9,1.8,0.4,3,3.7,29,,112,112
155,De'Aaron Fox\foxde01,PG,22,SAC,45,43,1426,11.3,23.7,0.475,1.6,5.2,0.307,9.6,18.4,0.523,7.4,10.5,0.703,1,5.2,6.2,10.4,2.2,0.8,4.8,4.4,31.5,,110,111
156,Melvin Frazier\frazime01,SG,23,ORL,15,0,51,5.7,16.3,0.353,3.8,6.7,0.571,1.9,9.6,0.2,1.9,3.8,0.5,1,2.9,3.8,1,3.8,1.9,2.9,7.7,17.2,,86,105
157,Michael Frazier\frazimi01,SG,25,HOU,8,0,66,2.8,7.7,0.364,1.4,5.6,0.25,1.4,2.1,0.667,2.8,4.2,0.667,0.7,1.4,2.1,0.7,1.4,0,1.4,9.2,9.9,,99,115
158,Tim Frazier\fraziti01,PG,29,DET,27,11,355,4.7,13,0.362,1.4,4.2,0.333,3.3,8.9,0.375,2.6,3.3,0.792,1.2,3.3,4.6,12.9,1.9,0.6,5,5.8,13.4,,99,114
159,Markelle Fultz\fultzma01,PG,21,ORL,64,59,1813,8.6,18.2,0.473,0.8,3.2,0.254,7.8,15,0.52,2.7,3.8,0.723,0.9,4.8,5.7,9,2.2,0.3,3.5,3.4,20.8,,105,110
160,Wenyen Gabriel\gabriwe01,PF,22,TOT,28,1,210,4.6,10.5,0.435,1.4,4.6,0.3,3.2,5.9,0.538,3.2,4.6,0.7,4.1,6.4,10.5,1.8,2.3,1.4,3.7,8,13.7,,101,111
161,Daniel Gafford\gaffoda01,C,21,CHI,43,7,609,7.4,10.6,0.701,0,0,,7.4,10.6,0.701,2.5,4.7,0.533,4.1,4.3,8.4,1.7,1,4.4,2.3,7.8,17.4,,124,109
162,Danilo Gallinari\gallida01,PF,31,OKC,55,55,1690,9.5,21.6,0.439,4.8,11.6,0.409,4.7,10,0.474,6.7,7.6,0.886,0.9,7.8,8.7,3.3,1.2,0.1,2,1.9,30.4,,119,111
163,Langston Galloway\gallola01,SG,28,DET,66,6,1702,6.8,15.7,0.435,3.8,9.6,0.399,3,6.1,0.493,2.1,2.5,0.859,1,3.4,4.3,2.9,1.4,0.3,1.2,2.8,19.6,,118,116
164,Darius Garland\garlada01,PG,20,CLE,59,59,1824,7.5,18.6,0.401,2.8,7.9,0.355,4.7,10.7,0.434,1.7,1.9,0.875,0.7,2.2,3,6.1,1.1,0.1,4,2.5,19.4,,96,119
165,Marc Gasol\gasolma01,C,35,TOR,36,35,990,4.8,11.4,0.419,2.5,6.1,0.402,2.3,5.3,0.44,1.3,1.7,0.722,1.4,9.6,11,6,1.3,1.6,2.1,4.9,13.3,,112,104
166,Rudy Gay\gayru01,PF,33,SAS,60,5,1287,8.3,18.7,0.442,2.2,6.9,0.314,6.1,11.8,0.517,3.7,4.2,0.876,2.1,9.9,12,3.8,1,1,2.9,3.3,22.4,,105,113
167,Paul George\georgpa01,SF,29,LAC,42,42,1222,11.2,26,0.432,5.1,12.8,0.399,6.1,13.2,0.463,6.4,7.2,0.882,0.8,8.4,9.3,6.3,2.2,0.8,4.4,3.9,34,,111,105
168,Taj Gibson\gibsota01,C,34,NYK,62,56,1025,7.9,13.6,0.584,0.2,0.7,0.286,7.7,12.9,0.599,1.9,2.7,0.732,5.3,7.4,12.7,2.5,1.3,1.4,2.2,5.8,18,,121,113
169,Harry Giles\gilesha01,PF,21,SAC,38,17,579,9.8,17.4,0.56,0,0,,9.8,17.4,0.56,2.8,3.6,0.767,2.8,10.6,13.4,4.1,1.8,1.2,2.9,8.4,22.3,,112,109
170,Shai Gilgeous-Alexander\gilgesh01,SG,21,OKC,63,63,2214,9.7,20.6,0.473,1.7,4.9,0.351,8,15.7,0.511,5.6,7,0.801,1,7.5,8.4,4.6,1.5,1,2.6,2.4,26.7,,111,109
171,Rudy Gobert\goberru01,C,27,UTA,62,62,2142,8,11.5,0.698,0,0,,8,11.5,0.698,5.2,8.4,0.621,4.8,14.5,19.3,2.1,1.1,2.8,2.7,4.5,21.3,,130,103
172,Brandon Goodwin\goodwbr01,PG,24,ATL,34,1,430,8.2,20.6,0.4,2.8,9.4,0.299,5.4,11.2,0.485,3,3.3,0.933,1.2,6.6,7.8,5.5,1.3,0.4,3.1,4.7,22.3,,101,116
173,Aaron Gordon\gordoaa01,PF,24,ORL,58,58,1914,8,18.5,0.433,1.7,5.8,0.301,6.3,12.8,0.492,3.5,5.2,0.675,2.6,8.6,11.2,5.5,1.3,0.9,2.4,3,21.2,,107,110
174,Eric Gordon\gordoer01,SG,31,HOU,34,13,972,7.7,20.9,0.37,4.4,13.8,0.319,3.3,7.2,0.467,3.7,4.9,0.757,0.4,2.7,3.1,2.5,1.1,0.6,1.7,3.3,23.6,,103,115
175,Devonte' Graham\grahade01,PG,24,CHO,63,53,2211,8.3,21.8,0.382,4.9,13.3,0.373,3.4,8.6,0.397,4.3,5.3,0.82,1,3.9,4.8,10.7,1.4,0.3,4.1,2.6,25.9,,109,116
176,Treveon Graham\grahatr01,SG,26,TOT,55,20,929,4.4,12.1,0.36,1.7,6,0.275,2.7,6.1,0.443,1.8,2.8,0.643,2.6,5,7.5,2.3,1.2,0.3,1.5,5.1,12.2,,99,116
177,Jerami Grant\grantje01,PF,25,DEN,64,22,1676,7.7,16.4,0.471,2.6,6.5,0.4,5.2,10,0.518,3.8,5.1,0.744,1.6,5.1,6.7,2.3,1.3,1.5,1.6,4.2,21.9,,116,111
178,Josh Gray\grayjo01,PG,26,NOP,2,0,23,2,4,0.5,0,0,,2,4,0.5,0,0,,2,2,4,4,0,0,10,2,4,,47,119
179,Danny Green\greenda02,SG,32,LAL,61,61,1529,5.5,13.2,0.419,3.5,9.3,0.378,2,3.9,0.516,1,1.4,0.727,1.4,5,6.4,2.7,2.4,0.9,1.7,4,15.6,,111,106
180,Draymond Green\greendr01,PF,29,GSW,43,43,1222,4.8,12.4,0.389,1.4,5.1,0.279,3.4,7.3,0.465,2.5,3.3,0.759,0.9,9.5,10.4,10.4,2.3,1.3,3.8,4.3,13.5,,100,110
181,JaMychal Green\greenja01,PF,29,LAC,55,0,1130,5.2,12.6,0.414,3.1,8.5,0.363,2.1,4.1,0.52,1.3,1.8,0.727,3.1,11.4,14.5,1.8,1,0.8,1.9,6.1,14.9,,111,106
182,Javonte Green\greenja02,SF,26,BOS,44,1,414,5.7,11.4,0.5,0.7,2.7,0.261,5,8.8,0.573,2.7,4.2,0.639,2.1,7.2,9.3,2.7,2.7,0.8,2.1,4.3,14.8,,110,105
183,Jeff Green\greenje02,PF,33,TOT,40,2,754,7.4,16.7,0.444,3.1,8.8,0.348,4.3,7.9,0.553,3.6,4.7,0.781,1.5,5.7,7.2,2,1.3,1,2.3,4.1,21.5,,110,110
184,Blake Griffin\griffbl01,PF,30,DET,18,18,512,8.5,24,0.352,2.6,10.7,0.243,5.9,13.4,0.439,7.3,9.4,0.776,1.6,6.4,8.1,5.7,0.7,0.7,3.8,2.6,26.8,,97,115
185,Marko Guduric\gudurma01,SG,24,MEM,42,0,476,6,15.1,0.396,2.5,7.9,0.309,3.5,7.2,0.493,2.3,2.5,0.92,1.4,5.6,7,4.4,1.2,0.8,3.5,3.3,16.7,,97,113
186,Kyle Guy\guyky01,SG,22,SAC,2,0,4,12.2,24.4,0.5,0,12.2,0,12.2,12.2,1,0,0,,0,0,0,0,0,0,0,0,24.4,,98,120
187,Rui Hachimura\hachiru01,PF,21,WAS,41,41,1217,8.4,17.5,0.478,0.8,2.8,0.274,7.6,14.7,0.517,3.5,4.3,0.829,2.4,7.1,9.5,2.7,1.3,0.3,1.6,3.4,21,,112,117
188,Devon Hall\hallde01,SG,24,OKC,5,0,20,2.4,12.2,0.2,0,4.9,0,2.4,7.3,0.333,7.3,9.7,0.75,0,2.4,2.4,7.3,0,0,2.4,2.4,12.2,,86,117
189,Donta Hall\halldo01,PF,22,DET,4,0,48,1,4.1,0.25,0,0,,1,4.1,0.25,4.1,6.1,0.667,6.1,9.2,15.4,2,1,1,2,9.2,6.1,,111,112
190,Dusty Hannahs\hannadu01,SG,26,MEM,2,0,13,14.4,32.3,0.444,7.2,10.8,0.667,7.2,21.6,0.333,7.2,7.2,1,0,3.6,3.6,0,0,0,0,3.6,43.1,,120,118
191,Tim Hardaway Jr.\hardati02,SG,27,DAL,63,50,1815,9.2,21.1,0.437,4.9,12.1,0.407,4.3,9,0.478,3.2,4,0.801,0.6,4.7,5.3,3.3,1,0.1,1.6,2.8,26.6,,116,114
192,James Harden\hardeja01,SG,30,HOU,61,61,2241,12.5,28.7,0.435,5.6,15.9,0.352,6.9,12.8,0.538,12.8,14.9,0.861,1.3,6.7,8,9.3,2.2,1.1,5.7,4.3,43.5,,120,109
193,Maurice Harkless\harklma01,SF,26,TOT,62,48,1427,4.7,9.4,0.502,1.1,3.3,0.347,3.6,6.2,0.584,1.3,2.2,0.591,1.8,6.2,8,2.3,1.9,1.1,1.8,4.9,11.9,,110,108
194,Jared Harper\harpeja01,PG,22,PHO,3,0,8,5.9,23.7,0.25,0,11.8,0,5.9,11.8,0.5,0,0,,0,0,0,0,0,0,0,0,11.8,,54,120
195,Montrezl Harrell\harremo01,C,26,LAC,63,2,1749,12.7,21.9,0.58,0,0.5,0,12.7,21.4,0.593,6.2,9.5,0.658,4.4,7.6,12,2.9,1.1,1.9,2.9,3.9,31.6,,119,107
196,Gary Harris\harriga01,SG,25,DEN,56,55,1780,6,14.4,0.42,1.9,5.8,0.333,4.1,8.6,0.479,2.1,2.6,0.815,0.7,3.8,4.5,3.3,2.1,0.4,1.7,3.2,16.1,,105,111
197,Joe Harris\harrijo01,SF,28,BRK,63,63,1946,8.1,17.2,0.471,3.7,9,0.412,4.4,8.2,0.536,1.5,2,0.747,1.5,5.2,6.6,3.2,0.9,0.4,2.3,3.4,21.4,,112,112
198,Tobias Harris\harrito02,PF,27,PHI,65,65,2243,10.7,22.7,0.472,2.5,7,0.362,8.2,15.7,0.521,3.3,4.1,0.806,1.2,8.4,9.5,4.4,1.1,0.8,2.1,3.2,27.3,,112,109
199,Shaquille Harrison\harrish01,SF,26,CHI,43,10,484,7.7,16.4,0.467,1.6,4.2,0.381,6.1,12.2,0.496,3.9,5,0.78,2.2,6.4,8.6,4.9,3.4,1.9,1.9,5.5,20.8,,116,105
200,Josh Hart\hartjo01,SF,24,NOP,57,14,1563,5.9,14.2,0.416,3.3,9.6,0.342,2.6,4.6,0.571,2,2.7,0.747,1.6,9.3,10.9,2.8,1.7,0.6,1.9,4.3,17.1,,109,110
201,Isaiah Hartenstein\harteis01,C,21,HOU,23,2,266,7.7,11.7,0.657,0,0.9,0,7.7,10.8,0.71,3.3,4.9,0.679,5.1,10.7,15.7,3.1,1.6,2.1,2.8,7.2,18.7,,128,107
202,Udonis Haslem\hasleud01,PF,39,MIA,3,0,21,2.3,14,0.167,0,4.7,0,2.3,9.3,0.25,7,9.3,0.75,0,18.6,18.6,2.3,0,0,0,7,11.6,,79,108
203,Jaxson Hayes\hayesja02,C,19,NOP,56,12,951,7.5,11.4,0.66,0,0.2,0.25,7.5,11.2,0.667,5.3,8.4,0.63,4,6.9,10.8,2.5,1.1,2.6,2,6.9,20.4,,131,110
204,Gordon Hayward\haywago01,SF,29,BOS,45,45,1501,9.8,19.6,0.502,2.4,6.1,0.392,7.4,13.5,0.553,3,3.6,0.847,1.4,8,9.5,6,1.1,0.6,2.5,2.6,25.1,,118,108
205,John Henson\hensojo01,PF,29,TOT,40,8,600,7.7,13.9,0.556,0.7,2.9,0.222,7.1,11,0.644,1.9,3.7,0.5,3.7,9.4,13.2,4.4,2,3.4,2.9,6.3,18,,112,109
206,Dewan Hernandez\hernade01,C,23,TOR,4,0,11,4.3,21.7,0.2,0,4.3,0,4.3,17.4,0.25,8.7,8.7,1,8.7,21.7,30.4,0,4.3,0,4.3,26,17.4,,80,90
207,Juan Hernangómez\hernaju01,PF,24,TOT,48,14,833,5.7,14.2,0.405,2.5,7.4,0.341,3.2,6.8,0.475,2.5,4.1,0.62,2.5,8.9,11.3,2.3,1.1,0.5,1.8,3.7,16.6,,105,112
208,Willy Hernangómez\hernawi01,C,25,CHO,31,0,375,9.9,18.6,0.532,0.7,2.9,0.227,9.2,15.6,0.59,4.9,7.9,0.627,5.7,12.2,17.9,3.9,1.3,0.9,4,4.3,25.4,,110,110
209,Tyler Herro\herroty01,SG,20,MIA,47,6,1280,8.4,20.3,0.414,3.8,9.7,0.391,4.6,10.7,0.434,2.5,3,0.835,0.5,6.6,7.1,3.5,1.1,0.3,2.8,2.3,23.1,,100,112
210,Kevin Hervey\herveke01,PF,23,OKC,7,0,19,2.6,28.2,0.091,0,20.5,0,2.6,7.7,0.333,0,0,,0,5.1,5.1,2.6,0,0,0,2.6,5.1,,26,115
211,Mario Hezonja\hezonma01,PF,24,POR,47,4,767,5,11.7,0.429,1.3,4,0.328,3.7,7.8,0.48,2.6,3.2,0.824,1.6,8.5,10.1,2.6,1.7,0.6,2.3,5.7,14,,104,113
212,Buddy Hield\hieldbu01,SG,27,SAC,64,44,2045,10.9,25.3,0.429,5.8,14.7,0.395,5.1,10.6,0.477,2.7,3.1,0.855,1.4,5.9,7.3,4.7,1.4,0.4,3.6,3.6,30.2,,107,113
213,George Hill\hillge01,PG,33,MIL,52,0,1103,7.4,13.9,0.53,3,6.3,0.48,4.4,7.6,0.571,2.9,3.4,0.831,1.9,4.5,6.4,6.3,1.7,0.2,2,3.1,20.6,,132,105
214,Solomon Hill\hillso01,SF,28,TOT,54,4,992,4.7,11.7,0.403,2.8,7.4,0.378,1.9,4.3,0.446,1.4,2,0.714,1.3,6,7.3,4.6,1.7,0.6,2.2,3.7,13.7,,107,111
215,Jaylen Hoard\hoardja01,SF,20,POR,13,0,103,6.9,14.8,0.469,0,1.4,0,6.9,13.4,0.517,3.7,6,0.615,6.5,8.3,14.8,1.9,2.3,0,1.9,5.6,17.6,,113,112
216,Aaron Holiday\holidaa01,PG,23,IND,58,26,1368,7.2,17.7,0.407,2.8,7.2,0.394,4.3,10.4,0.416,2.2,2.6,0.861,0.7,4,4.7,6.9,1.6,0.5,2.7,3.6,19.4,,104,111
217,Jrue Holiday\holidjr01,SG,29,NOP,55,55,1922,10.1,22.4,0.452,2.8,7.7,0.357,7.4,14.6,0.502,2.9,4.1,0.7,1.7,4.8,6.4,9.1,2.2,1.1,3.8,3,25.9,,109,111
218,Justin Holiday\holidju01,SG,30,IND,65,2,1617,5.7,13,0.44,3.7,8.7,0.424,2,4.3,0.472,1.4,1.8,0.78,0.9,5.3,6.2,2.6,2.3,1.3,1.2,3.6,16.5,,116,108
219,Rondae Hollis-Jefferson\holliro01,SF,25,TOR,52,5,998,6.6,14.1,0.471,0.1,0.8,0.118,6.6,13.3,0.493,4.5,6.2,0.736,4.9,7.3,12.1,4.3,2.1,1.1,2.3,5,17.9,,115,104
220,Richaun Holmes\holmeri01,C,26,SAC,39,33,1125,9.1,13.9,0.654,0,0,,9.1,13.9,0.654,3.5,4.3,0.8,5.1,9,14.1,1.7,1.7,2.4,2.1,6.6,21.7,,131,108
221,Rodney Hood\hoodro01,SF,27,POR,21,21,619,6.7,13.2,0.506,2.7,5.5,0.493,4,7.8,0.515,1.6,2.1,0.778,0.8,4.8,5.5,2.5,1.3,0.3,1.5,3.5,17.7,,121,117
222,Al Horford\horfoal01,C,33,PHI,60,57,1848,7.6,17.2,0.442,2.3,6.9,0.337,5.3,10.3,0.513,1.4,1.9,0.753,2.4,8.4,10.8,6.4,1.4,1.4,1.7,3.4,19,,114,108
223,Talen Horton-Tucker\hortota01,SG,19,LAL,2,0,5,0,9.5,0,0,9.5,0,0,0,,0,0,,0,0,0,19,9.5,0,0,0,0,,93,94
224,Danuel House\houseda01,SF,26,HOU,58,47,1739,5.5,12.9,0.427,3,8.3,0.363,2.5,4.6,0.544,1.8,2.3,0.8,1.5,5.1,6.6,2.1,1.7,0.9,1.3,3.2,15.8,,116,111
225,Dwight Howard\howardw01,C,34,LAL,62,2,1193,7.5,10.3,0.732,0.1,0.2,0.6,7.4,10.1,0.734,3.5,7.2,0.494,6.2,12,18.2,1.7,1.1,3,2.9,8,18.7,,126,102
226,William Howard\howarwi01,SG,26,HOU,2,0,13,0,14.3,0,0,14.3,0,0,0,,0,0,,0,7.1,7.1,3.6,0,0,3.6,3.6,0,,14,115
227,Kevin Huerter\huertke01,SG,21,ATL,56,48,1760,6.7,16.1,0.413,3.4,8.8,0.38,3.3,7.3,0.453,1.4,1.7,0.828,0.9,5.1,6,5.6,1.4,0.7,2.3,3.7,18.1,,107,116
228,De'Andre Hunter\huntede01,SF,22,ATL,63,62,2018,6.5,15.8,0.41,2.5,7,0.355,4,8.8,0.454,2.5,3.3,0.764,1,5.6,6.6,2.6,1,0.4,2.4,4.2,18,,100,117
229,Chandler Hutchison\hutchch01,SF,23,CHI,28,10,527,7.3,16,0.457,1.1,3.5,0.316,6.2,12.5,0.496,4.2,7.1,0.59,1.6,8.2,9.9,2.4,2.5,0.6,2.5,4.3,19.9,,101,108
230,Serge Ibaka\ibakase01,C,30,TOR,50,27,1377,11.2,21.6,0.518,2.3,5.8,0.398,8.9,15.8,0.562,3.1,4.1,0.748,3.6,10.7,14.3,2.5,0.8,1.5,3.5,4.8,27.8,,110,104
231,Andre Iguodala\iguodan01,SG,36,MIA,14,0,259,4.7,9.6,0.49,1.7,4.5,0.375,3,5.1,0.593,0.4,1.5,0.25,1.9,8.1,10,5.3,1.5,3,3.2,5.3,11.5,,103,106
232,Ersan İlyasova\ilyaser01,PF,32,MIL,56,8,895,7,14.8,0.472,2.3,6.3,0.371,4.6,8.5,0.548,3.2,3.8,0.827,3.1,11,14.1,2.4,1.2,0.7,1.7,4.4,19.5,,119,101
233,Joe Ingles\inglejo01,SF,32,UTA,64,37,1916,5.5,12.6,0.441,3.1,7.9,0.397,2.4,4.7,0.516,1.7,2.1,0.774,0.6,5.9,6.5,8.4,1.5,0.2,3.2,3.4,15.9,,114,111
234,Brandon Ingram\ingrabr01,PF,22,NOP,56,56,1919,11.3,24.2,0.466,3.3,8.5,0.387,8,15.7,0.509,6.8,7.9,0.858,1.2,7.2,8.4,5.8,1.3,0.9,4.2,3.9,32.7,,112,112
235,Kyrie Irving\irvinky01,PG,27,BRK,20,20,658,14.4,30,0.478,4,10.2,0.394,10.3,19.8,0.522,6.8,7.4,0.922,1.6,5.8,7.4,9.2,1.9,0.7,3.7,3.8,39.5,,119,109
236,Jonathan Isaac\isaacjo01,SF,22,ORL,32,32,949,7.7,16.6,0.463,1.5,4.7,0.33,6.1,11.9,0.515,2.9,3.8,0.767,2.9,8.5,11.4,2.3,2.6,4,2.4,4.1,19.8,,106,102
237,Wesley Iwundu\iwundwe01,SF,25,ORL,45,18,810,4.6,11.7,0.397,1.3,4,0.313,3.4,7.7,0.441,3.7,4.6,0.816,1.4,5.4,6.8,2.8,1.5,0.7,1.1,3.7,14.3,,111,111
238,Frank Jackson\jacksfr01,PG,21,NOP,51,1,656,7,18.1,0.385,2.7,8.5,0.325,4.2,9.6,0.438,3.4,4.5,0.75,1.3,3.7,5,2.9,1.1,0.3,3,4.7,20.1,,97,115
239,Jaren Jackson Jr.\jacksja02,C,20,MEM,54,54,1512,10.1,21.7,0.468,4.2,10.5,0.397,6,11.1,0.535,3.8,5.1,0.741,1.6,6.2,7.8,2.3,1.1,2.7,2.9,6.8,28.2,,109,110
240,Josh Jackson\jacksjo02,SG,22,MEM,18,0,357,8.9,20.3,0.439,3,9.4,0.319,5.9,10.9,0.542,3.8,5.8,0.659,1.4,6.1,7.6,4.1,2.4,1.2,3.3,5.1,24.6,,102,109
241,Justin Jackson\jacksju01,PF,24,DAL,58,2,929,6.5,16.2,0.399,2.3,7.9,0.298,4.1,8.3,0.494,1.9,2.3,0.818,1.4,6,7.4,2.6,0.6,0.5,0.6,3,17.1,,110,114
242,Reggie Jackson\jacksre01,PG,29,TOT,23,11,556,9.3,22.4,0.416,3.9,9.9,0.398,5.4,12.6,0.431,3.1,3.8,0.814,1.3,4.5,5.8,8.8,0.9,0.4,3.5,3.5,25.7,,109,114
243,Justin James\jamesju01,SG,23,SAC,34,0,218,7.4,17.5,0.423,2,5.8,0.346,5.4,11.6,0.462,2.2,4.7,0.476,1.3,5.4,6.7,3.6,1.3,2,1.8,3.6,19,,100,111
244,LeBron James\jamesle01,PG,35,LAL,60,60,2094,13.3,26.7,0.498,3,8.7,0.349,10.3,18.1,0.57,5.4,7.8,0.697,1.3,9.4,10.7,14.5,1.7,0.7,5.4,2.4,35.1,,117,105
245,Amile Jefferson\jeffeam01,PF,26,ORL,18,0,74,3.3,9.2,0.357,0,0,,3.3,9.2,0.357,3.3,9.2,0.357,6.6,8.6,15.2,2.6,0.7,2,2,4.6,9.9,,94,109
246,DaQuan Jeffries\jeffrda01,SG,22,SAC,6,0,19,7.7,18,0.429,2.6,10.3,0.25,5.1,7.7,0.667,0,0,,2.6,0,2.6,2.6,2.6,0,0,7.7,18,,114,114
247,Ty Jerome\jeromty01,PG,22,PHO,28,0,315,5.6,15.9,0.349,2,7.1,0.277,3.6,8.9,0.407,1.7,2.1,0.786,0.9,5.3,6.2,6.5,2.1,0.5,2.7,4.2,14.7,,93,112
248,Alize Johnson\johnsal02,SF,23,IND,13,0,54,6.3,13.5,0.467,0,0,,6.3,13.5,0.467,3.6,5.4,0.667,6.3,9.9,16.2,1.8,0,0,2.7,5.4,16.2,,107,111
249,B.J. Johnson\johnsbj01,SF,24,ORL,8,0,46,5.3,19.1,0.278,1.1,6.4,0.167,4.2,12.7,0.333,2.1,2.1,1,1.1,5.3,6.4,2.1,2.1,0,3.2,0,13.8,,69,111
250,Cameron Johnson\johnsca02,PF,23,PHO,49,1,996,6.5,15.4,0.418,4.3,10.9,0.397,2.1,4.6,0.469,1.7,2.2,0.761,1.9,4.8,6.7,2.5,1.4,0.8,1.4,3.4,18.9,,114,113
251,James Johnson\johnsja01,PF,32,TOT,32,1,619,7.9,16.5,0.479,2.5,7,0.363,5.4,9.5,0.565,2.4,3.7,0.646,1.9,7.1,9.1,5.7,1.9,2.5,3.7,6.1,20.7,,107,108
252,Keldon Johnson\johnske04,SF,20,SAS,9,0,92,8.4,16.2,0.516,1,2.6,0.4,7.3,13.6,0.538,3.7,5.2,0.7,2.6,6.3,8.9,3.1,2.6,0.5,1.6,4.7,21.4,,117,112
253,Stanley Johnson\johnsst04,PF,23,TOR,20,0,96,4,15.4,0.258,1,6.5,0.154,3,8.9,0.333,2.5,3,0.833,1.5,9.4,10.9,4,2,1,4,5,11.4,,72,103
254,Tyler Johnson\johnsty01,SG,27,PHO,31,3,515,6,15.7,0.38,2.2,7.6,0.289,3.8,8.1,0.466,2.2,2.9,0.75,0.9,3.9,4.8,4.6,1.1,0.7,2.2,4,16.4,,98,114
255,Nikola Jokić\jokicni01,C,24,DEN,65,65,2101,12,22.8,0.528,1.7,5.3,0.314,10.4,17.5,0.594,5.1,6.3,0.813,3.6,11.9,15.6,10.5,1.8,1,4.7,4.7,30.9,,119,106
256,Damian Jones\jonesda03,C,24,ATL,55,27,887,6.4,9.4,0.68,0.1,0.5,0.222,6.3,8.9,0.704,3.3,4.4,0.738,3.9,6.9,10.8,1.8,1.4,2.1,1.5,7.8,16.1,,138,113
257,Derrick Jones Jr.\jonesde02,SF,22,MIA,51,15,1249,6.5,12.7,0.514,1.3,4.9,0.27,5.2,7.7,0.67,3.4,4.4,0.779,2.2,6.1,8.3,2.2,2.1,1.4,1.1,4.5,17.8,,124,108
258,Tyus Jones\jonesty01,PG,23,MEM,65,6,1232,7.5,16.3,0.459,1.8,4.7,0.379,5.7,11.6,0.492,1.6,2.2,0.741,0.3,3.6,3.9,10.8,2.2,0.2,2.1,1.7,18.3,,116,112
259,DeAndre Jordan\jordade01,C,31,BRK,56,6,1234,7.3,11,0.666,0,0,,7.3,11,0.666,3.2,4.7,0.68,5.4,16.1,21.6,4,0.7,2,2.8,4.4,17.9,,128,104
260,Cory Joseph\josepco01,PG,28,SAC,64,22,1538,4.9,11.7,0.42,1.5,4.2,0.351,3.4,7.5,0.46,1.5,1.8,0.828,1.2,4,5.2,6.9,1.5,0.7,2,3.8,12.8,,111,114
261,Mfiondu Kabengele\kabenmf01,C,22,LAC,12,0,64,10.3,23.6,0.438,6.6,14.7,0.45,3.7,8.8,0.417,3.7,3.7,1,0.7,7.4,8.1,1.5,1.5,1.5,1.5,6.6,30.9,,119,106
262,Frank Kaminsky\kaminfr01,C,26,PHO,32,13,718,8.4,18.4,0.455,2.6,7.4,0.348,5.8,11,0.527,3.9,5.8,0.67,2,8.4,10.4,4.7,0.9,0.7,2.2,4.6,23.2,,111,113
263,Enes Kanter\kanteen01,C,27,BOS,51,6,891,9.6,16.9,0.566,0.1,0.4,0.143,9.5,16.5,0.576,3.4,4.8,0.708,7.7,13.7,21.4,2.7,1.1,2.1,2.8,4.6,22.6,,121,103
264,Luke Kennard\kennalu01,SG,23,DET,28,25,922,8.1,18.2,0.442,3.9,9.8,0.399,4.2,8.5,0.491,3.6,4,0.893,0.5,4.7,5.2,6.1,0.6,0.3,2.3,3.5,23.6,,117,117
265,Stanton Kidd\kiddst01,SF,27,UTA,4,0,15,0,9.8,0,0,3.3,0,0,6.5,0,0,0,,0,9.8,9.8,3.3,0,0,6.5,9.8,0,,13,112
266,Michael Kidd-Gilchrist\kiddgmi01,PF-SF,26,TOT,21,0,231,4.1,12.9,0.317,1.1,4.3,0.25,3,8.6,0.35,1.9,2.4,0.818,2.6,9.2,11.8,2.8,0.4,1.1,2.8,6.9,11.2,,84,113
267,Louis King\kinglo02,SF,20,DET,10,0,62,6.3,16.7,0.381,3.2,8.7,0.364,3.2,7.9,0.4,0,2.4,0,0.8,7.1,7.9,4,1.6,0,1.6,7.9,15.9,,93,113
268,Maxi Kleber\klebima01,C,28,DAL,66,21,1695,6.1,13.3,0.459,3.1,8.2,0.374,3.1,5.1,0.594,2,2.3,0.863,2.8,7.3,10.1,2.2,0.6,2.2,1.4,4.4,17.3,,123,111
269,Brandon Knight\knighbr03,PG,28,TOT,25,3,462,6.2,17.7,0.353,4.8,13.9,0.344,1.5,3.8,0.389,2.1,3.6,0.588,0.4,3.9,4.3,7.3,1.1,0.3,4,4.2,19.4,,98,117
270,Kevin Knox\knoxke01,SF,20,NYK,65,4,1166,6,16.7,0.359,2.7,8.3,0.327,3.3,8.4,0.391,2.8,4.2,0.653,1.2,6.5,7.7,2.5,1,1.2,1.9,4.4,17.5,,97,114
271,John Konchar\konchjo01,SG,23,MEM,15,0,167,6.4,9.8,0.657,1.1,2.5,0.444,5.3,7.3,0.731,0.3,0.6,0.5,5,7.8,12.9,5.9,2,0.8,1.7,2,14.3,,143,110
272,Furkan Korkmaz\korkmfu01,SG,22,PHI,64,12,1398,7.7,17.9,0.432,4.4,11,0.397,3.3,6.8,0.487,1.8,2.5,0.736,0.6,4.6,5.1,2.4,1.3,0.5,1.8,3.1,21.7,,109,111
273,Luke Kornet\kornelu01,C,24,CHI,36,14,559,7.1,16.1,0.439,2.7,9.3,0.287,4.4,6.8,0.646,1.7,2.4,0.714,1.9,5.3,7.2,2.8,0.9,2.2,1.2,4.7,18.5,,112,111
274,Kyle Korver\korveky01,SF,38,MIL,50,0,833,6.1,14.2,0.429,4.7,11.4,0.415,1.4,2.9,0.481,1.5,1.9,0.824,0.8,4.9,5.7,3.3,1.2,0.7,2.3,3.7,18.4,,112,105
275,Rodions Kurucs\kurucro01,PF,21,BRK,39,4,501,5.7,12.7,0.448,2.4,6.2,0.385,3.3,6.5,0.507,1.6,2.7,0.607,1.7,7.5,9.2,3.1,1.6,0.3,3.3,6.3,15.3,,99,109
276,Kyle Kuzma\kuzmaky01,PF,24,LAL,54,7,1327,9.1,21.1,0.432,2.5,8.5,0.297,6.6,12.6,0.523,3.4,4.7,0.738,1.7,7,8.7,2.5,0.8,0.8,3,3.8,24.2,,100,109
277,Skal Labissière\labissk01,C,23,POR,33,1,567,6.8,12.4,0.551,0.3,1.1,0.231,6.6,11.3,0.582,2.1,2.8,0.758,5.5,8.7,14.2,3.5,0.6,2.6,2.5,7.5,16,,121,113
278,Jeremy Lamb\lambje01,SG,27,IND,46,42,1291,8.2,18.1,0.451,2,6,0.335,6.2,12.1,0.508,3.5,4.2,0.836,0.9,6.6,7.5,3.6,2.1,0.8,1.9,3.9,21.8,,108,108
279,Romeo Langford\langfro01,SG,20,BOS,27,1,298,3.9,10.4,0.375,0.8,3.7,0.217,3.1,6.7,0.463,2.6,3.7,0.696,2.3,2.9,5.2,1,1.3,1,1.5,4.7,11.2,,98,110
280,Zach LaVine\lavinza01,SG,24,CHI,60,60,2085,12.5,27.7,0.45,4.3,11.2,0.38,8.2,16.5,0.497,6.2,7.7,0.802,0.9,5.7,6.7,5.9,2,0.6,4.8,3,35.3,,106,110
281,Vic Law\lawvi01,SF,24,ORL,5,0,9,0,16.3,0,0,5.4,0,0,10.8,0,0,10.8,0,0,5.4,5.4,0,0,0,0,0,0,,0,116
282,Jake Layman\laymaja01,PF,25,MIN,23,2,505,7.4,16.5,0.453,2.2,6.6,0.333,5.2,9.8,0.533,2.2,2.9,0.75,1.6,3.7,5.2,1.4,1.6,0.9,2.2,4.3,19.3,,102,114
283,T.J. Leaf\leaftj01,PF,22,IND,25,1,193,7.6,17.4,0.435,1.3,3.5,0.357,6.3,13.9,0.455,1.8,3,0.583,5.3,10.9,16.2,1.5,2,0.8,1.8,4.5,18.2,,103,105
284,Jalen Lecque\lecquja01,PG,19,PHO,4,0,26,7.3,18.2,0.4,0,7.3,0,7.3,10.9,0.667,3.6,3.6,1,0,0,0,3.6,0,0,1.8,3.6,18.2,,94,120
285,Courtney Lee\leeco01,SG,34,DAL,24,9,345,5.6,11.5,0.488,2.9,6.6,0.447,2.7,4.9,0.543,0.8,1,0.857,1,3.5,4.5,1.7,2.5,0.8,1.5,4.6,15,,117,110
286,Damion Lee\leeda03,SG,27,GSW,49,36,1423,7.2,17.2,0.417,2.9,8,0.356,4.3,9.1,0.471,3.7,4.2,0.873,1.1,7,8,4.5,1.7,0.2,2.3,3.9,20.9,,108,114
287,Alex Len\lenal01,C,26,TOT,49,9,895,8.8,15.8,0.556,0.7,2.9,0.25,8.1,12.9,0.626,3,4.8,0.637,5,10.4,15.4,2.5,1.2,2.4,2.6,6,21.4,,116,111
288,Kawhi Leonard\leonaka01,SF,28,LAC,51,51,1643,13.7,29.2,0.469,3.1,8.4,0.366,10.6,20.8,0.51,8.9,10,0.889,1.5,9.2,10.7,7.3,2.6,0.9,4,2.8,39.3,,116,104
289,Meyers Leonard\leoname01,C,27,MIA,49,49,987,5.7,11.1,0.52,2.5,5.9,0.429,3.2,5.2,0.625,0.8,1.3,0.654,1.3,11,12.3,2.6,0.6,0.7,1.7,5.1,14.9,,117,110
290,Caris LeVert\leverca01,SG,25,BRK,39,25,1131,10.6,25.5,0.414,3,7.9,0.381,7.6,17.6,0.429,4.9,6.8,0.72,1.7,5,6.7,6.7,1.8,0.3,4.1,3,29,,101,110
291,Damian Lillard\lillada01,PG,29,POR,58,58,2140,11.8,25.9,0.457,5,12.8,0.394,6.8,13.1,0.518,8.7,9.8,0.888,0.7,4.9,5.6,10.1,1.3,0.5,3.7,2.2,37.3,,125,116
292,Nassir Little\littlna01,PF,19,POR,48,5,573,5.4,12.6,0.43,1.2,4.9,0.237,4.2,7.7,0.554,2.3,3.7,0.636,2.6,6.4,9,1.8,1.1,1.2,1.2,6,14.3,,108,115
293,Kevon Looney\looneke01,C,23,GSW,20,4,262,5.3,14.4,0.367,0.2,2.6,0.071,5.1,11.9,0.431,1.6,2.2,0.75,5.1,6.9,12.1,3.7,2.2,1.1,2.2,6.2,12.4,,94,112
294,Brook Lopez\lopezbr01,C,31,MIL,61,60,1622,6.9,16.1,0.427,2.4,8,0.296,4.5,8.1,0.557,2.8,3.4,0.81,1.2,6.5,7.7,2.7,1.2,4.2,1.8,4.1,18.9,,106,99
295,Robin Lopez\lopezro01,C,31,MIL,60,4,862,7.3,14.5,0.502,1.7,5.1,0.344,5.5,9.4,0.588,1.2,2.3,0.535,2.8,5,7.7,2.2,0.5,2.2,2.9,4.2,17.5,,104,104
296,Kevin Love\loveke01,PF,31,CLE,56,56,1780,8.9,19.9,0.45,4,10.7,0.374,4.9,9.2,0.537,5.1,6,0.854,1.5,13.5,15,4.9,0.9,0.5,3.8,2.5,27,,112,113
297,Kyle Lowry\lowryky01,PG,33,TOR,52,52,1901,7.8,18.6,0.417,3.8,10.8,0.354,3.9,7.8,0.505,6.4,7.4,0.861,0.8,5.5,6.3,10,1.8,0.6,3.9,4.2,25.8,,117,107
298,Timothé Luwawu-Cabarrot\luwawti01,SG,24,BRK,39,0,671,5.5,13.6,0.406,2.8,7.7,0.358,2.8,5.9,0.47,3.7,4.4,0.839,1.7,4.7,6.4,1.8,1.1,0.4,2.3,5.7,17.5,,108,111
299,Trey Lyles\lylestr01,PF,24,SAS,63,53,1271,5.8,13,0.446,2.5,6.3,0.387,3.3,6.6,0.503,1.2,1.7,0.733,2.7,11,13.6,2.6,1.1,1.1,1.5,3.7,15.3,,113,113
300,Daryl Macon\maconda01,SG,24,MIA,4,0,14,3.5,10.5,0.333,3.5,7,0.5,0,3.5,0,0,0,,0,0,0,3.5,0,0,7,3.5,10.5,,65,118
301,J.P. Macura\macurjp01,SG,24,CLE,1,0,1,0,0,,0,0,,0,0,,0,0,,0,0,0,0,0,0,0,0,0,,,123
302,Josh Magette\magetjo01,PG,30,ORL,8,0,38,6.4,19.3,0.333,1.3,5.1,0.25,5.1,14.1,0.364,1.3,2.6,0.5,1.3,6.4,7.7,6.4,3.9,1.3,6.4,5.1,15.4,,71,104
303,Ian Mahinmi\mahinia01,C,33,WAS,38,35,808,6,12.1,0.495,0.3,1.5,0.192,5.7,10.6,0.538,4,6.5,0.619,4.5,8.1,12.6,2.8,1.8,2.5,2.6,6.6,16.3,,111,112
304,Thon Maker\makerth01,C,22,DET,60,14,776,5.9,12.2,0.482,1.4,4.1,0.344,4.5,8.2,0.55,4.6,7,0.664,3.4,7.2,10.6,2.7,1.6,2.5,2.9,6.5,17.8,,111,110
305,Terance Mann\mannte01,SG,23,LAC,35,6,271,3.8,9.4,0.407,0.5,2.1,0.25,3.3,7.3,0.452,1.6,2.1,0.75,0.7,5,5.7,6.6,1.4,0.9,2.4,6.3,9.7,,101,109
306,Boban Marjanović\marjabo01,C,31,DAL,37,2,337,13.8,24.9,0.555,0.6,2.2,0.267,13.2,22.7,0.582,5.2,6.8,0.766,7.6,14.4,22,1.9,1,1,3.7,6.8,33.3,,117,107
307,Lauri Markkanen\markkla01,PF,22,CHI,50,50,1492,8.1,19.1,0.425,3.5,10.2,0.344,4.6,8.8,0.518,4.1,4.9,0.824,1.9,8.2,10.1,2.4,1.4,0.7,2.6,3.1,23.8,,108,110
308,Caleb Martin\martica02,SF,24,CHO,18,1,317,5.8,13.3,0.44,3.2,5.8,0.541,2.7,7.4,0.362,2.7,3.3,0.81,1.6,4.4,6,3.6,1.9,1.1,2.4,5.1,17.5,,113,113
309,Cody Martin\martico01,SF,24,CHO,48,3,903,4.9,11.5,0.43,1,4.3,0.234,3.9,7.2,0.546,2.3,3.6,0.646,2.1,6.7,8.8,5.3,2.2,0.5,2.4,4.3,13.2,,104,112
310,Jeremiah Martin\martije02,PG,23,BRK,3,0,16,3,14.8,0.2,0,3,0,3,11.9,0.25,0,0,,0,5.9,5.9,5.9,3,3,0,0,5.9,,66,104
311,Kelan Martin\martike03,SF,24,MIN,31,4,495,6.7,17,0.392,2.3,9,0.26,4.3,8,0.541,2.8,2.9,0.968,1.1,7.9,9,2.2,0.7,0.8,1.9,4.8,18.5,,100,114
312,Frank Mason III\masonfr01,PG,25,MIL,6,0,53,4.3,16.4,0.263,1.7,8.6,0.2,2.6,7.8,0.333,1.7,3.4,0.5,2.6,4.3,6.9,9.5,1.7,0,5.2,3.4,12.1,,80,105
313,Garrison Mathews\mathega01,SG,23,WAS,18,0,227,4.9,11.5,0.429,3.9,9.5,0.413,1,2.1,0.5,6.4,7,0.912,1.2,3.7,4.9,2.1,1.6,0.2,1.6,6.6,20.2,,133,118
314,Wesley Matthews\matthwe02,SG,33,MIL,62,62,1529,4.8,12,0.397,3,8.3,0.365,1.7,3.7,0.468,1.4,1.9,0.762,0.6,4.2,4.8,2.7,1.1,0.3,1.2,2.7,14,,109,106
315,Patrick McCaw\mccawpa01,SF,24,TOR,37,12,908,3.5,8.5,0.414,1.2,3.7,0.324,2.3,4.8,0.484,0.7,0.9,0.722,1,3.5,4.5,4.2,2,0.2,1.5,3.2,8.9,,105,108
316,CJ McCollum\mccolcj01,SG,28,POR,62,62,2229,11.7,25.9,0.453,3.7,9.8,0.38,8,16.1,0.497,2.6,3.5,0.75,0.9,4.6,5.4,5.7,1,0.8,2.5,3.4,29.8,,111,117
317,T.J. McConnell\mccontj01,PG,27,IND,63,3,1188,7.7,14.8,0.517,0.2,0.6,0.333,7.5,14.2,0.524,1.2,1.5,0.833,1.3,5.4,6.7,13,1.8,0.5,3.5,2.8,16.8,,113,110
318,Jalen McDaniels\mcdanja01,PF,22,CHO,16,0,293,5.6,12,0.471,1.5,4.1,0.375,4.1,7.9,0.522,2.4,2.9,0.824,2.6,8.5,11.1,2.2,1.4,0.5,1.9,6.2,15.2,,112,113
319,Doug McDermott\mcderdo01,PF,28,IND,62,0,1242,9.5,19.3,0.491,4.6,10.4,0.445,4.8,8.9,0.544,1.7,2,0.827,0.9,5.2,6.1,2.7,0.4,0.2,1.6,4.2,25.2,,118,113
320,JaVale McGee\mcgeeja01,C,32,LAL,61,61,1023,8.4,13.2,0.64,0.1,0.3,0.5,8.3,12.9,0.643,2.3,3.5,0.653,5.2,11.3,16.5,1.6,1.4,4.3,2.2,6.7,19.3,,126,100
321,Rodney McGruder\mcgruro01,SG,28,LAC,50,3,749,3.8,9.8,0.391,1.4,5,0.278,2.5,4.8,0.506,0.9,1.8,0.536,1.6,6.4,8.1,1.9,1.4,0.5,1.3,4.2,10,,99,108
322,Alfonzo McKinnie\mckinal01,SF,27,CLE,40,1,593,6,14,0.427,1.1,5.3,0.215,4.8,8.7,0.557,1.8,2.5,0.71,3,6.2,9.3,1.1,1.9,0.7,2.1,5.9,14.9,,99,115
323,Jordan McLaughlin\mclaujo01,PG,23,MIN,30,2,590,6.8,14,0.489,2.3,6,0.382,4.6,8,0.569,2,3.1,0.667,0.6,3.3,3.9,9.8,2.7,0.3,2.4,2.4,18,,121,113
324,Ben McLemore\mclembe01,SG,26,HOU,63,19,1437,6.8,15.2,0.445,5,12.6,0.395,1.8,2.6,0.688,1.5,2,0.758,0.6,3.8,4.5,1.7,1.2,0.4,1.5,4.2,20,,118,114
325,Jordan McRae\mcraejo01,SG,28,TOT,37,4,784,8.9,22,0.407,2.7,7.6,0.357,6.2,14.4,0.433,5,6.5,0.761,1.1,6.4,7.4,5.6,1.3,1,2.6,4.4,25.6,,105,116
326,Nicolò Melli\mellini01,C,29,NOP,52,6,889,6.4,14.4,0.442,3.4,9.4,0.361,3,5.1,0.592,2.3,3.1,0.733,1.9,6.2,8.2,3.5,1.6,1,2.2,5.5,18.5,,114,112
327,De'Anthony Melton\meltode01,PG,21,MEM,52,8,1011,6.8,16.3,0.419,1.7,5.4,0.316,5.1,10.9,0.47,4,4.9,0.821,1.7,7.2,8.9,7.3,3,0.8,3.6,4.2,19.4,,105,108
328,Chimezie Metu\metuch01,PF,22,SAS,16,0,73,13.2,23,0.571,0,0.7,0,13.2,22.4,0.588,3.9,5.3,0.75,6.6,10.5,17.1,3.9,0.7,2.6,3.3,2.6,30.3,,117,112
329,Khris Middleton\middlkh01,SF,28,MIL,55,52,1653,11.7,23.5,0.499,3.7,8.8,0.418,8,14.7,0.547,4.9,5.4,0.908,1.1,8.3,9.4,6.2,1.4,0.2,3.1,3.4,32,,119,103
330,Eric Mika\mikaer01,PF,25,SAC,1,0,19,5.1,7.7,0.667,0,0,,5.1,7.7,0.667,5.1,5.1,1,5.1,12.8,18,0,0,0,0,12.8,15.4,,173,113
331,C.J. Miles\milescj01,SG,32,WAS,10,0,161,5.5,17.1,0.322,3.2,10.1,0.314,2.3,7,0.333,4.3,5.8,0.75,1.2,2.3,3.5,3.5,2.9,1.2,1.2,4.1,18.6,,103,115
332,Malcolm Miller\millema01,SF,26,TOR,25,1,125,3.1,9.2,0.333,2.3,7.3,0.316,0.8,1.9,0.4,0.4,2.3,0.167,0.4,5,5.3,3.1,1.5,0.8,1.1,4.6,8.8,,91,108
333,Patty Mills\millspa02,PG,31,SAS,63,1,1430,8.3,19.3,0.429,5,13.1,0.38,3.3,6.3,0.529,3.1,3.6,0.861,0.6,2.7,3.3,3.8,1.7,0.2,1.7,3.3,24.7,,115,117
334,Paul Millsap\millspa01,PF,34,DEN,44,41,1075,8.6,17.8,0.486,2.2,5,0.44,6.4,12.8,0.504,4.8,5.8,0.833,4,7.9,11.9,3.2,1.7,1.3,2.8,5.8,24.3,,117,108
335,Shake Milton\miltosh01,SG,23,PHI,32,16,611,8.6,17.3,0.498,3.8,8.4,0.453,4.8,8.8,0.541,3.1,4.1,0.765,0.9,4.5,5.4,5.6,1.5,0.5,3,5.5,24.1,,117,110
336,Donovan Mitchell\mitchdo01,SG,23,UTA,63,63,2165,12.6,27.8,0.453,3.5,9.6,0.364,9.1,18.2,0.501,5.6,6.5,0.859,1,5.2,6.2,5.9,1.5,0.3,3.8,3.5,34.3,,110,111
337,Naz Mitrou-Long\mitrona01,SG,26,IND,3,0,43,6.8,18.1,0.375,2.3,12.5,0.182,4.5,5.7,0.8,0,0,,0,6.8,6.8,7.9,1.1,1.1,2.3,1.1,15.9,,94,109
338,Adam Mokoka\mokokad01,SG,21,CHI,11,0,112,5.2,12,0.429,2.6,6.5,0.4,2.6,5.6,0.462,0.9,1.7,0.5,3,1.3,4.3,1.7,1.7,0,0.9,7.3,13.8,,115,114
339,Malik Monk\monkma01,SG,21,CHO,55,1,1169,9.1,20.9,0.434,2.5,8.7,0.284,6.6,12.2,0.542,3.5,4.3,0.82,1.2,5.6,6.7,4.9,1.1,0.7,3.3,3.2,24.2,,102,115
340,Matt Mooney\moonema01,SG,22,CLE,4,0,19,2.6,10.2,0.25,0,5.1,0,2.6,5.1,0.5,0,0,,0,7.7,7.7,2.6,5.1,2.6,0,2.6,5.1,,69,104
341,E'Twaun Moore\mooreet01,SG,30,NOP,51,5,958,8.4,19.8,0.424,2.9,7.7,0.375,5.5,12.1,0.456,1.4,2.1,0.674,1.4,4.5,5.9,3.5,1.4,0.5,1.8,3.7,21.1,,104,114
342,Ja Morant\moranja01,PG,20,MEM,59,59,1771,10.4,21.1,0.491,1.3,3.7,0.367,9,17.4,0.517,5.4,7,0.77,1.2,4.3,5.5,10.8,1.4,0.4,5,2.4,27.4,,110,113
343,Juwan Morgan\morgaju01,PF,22,UTA,16,0,74,5.9,11.2,0.529,0.7,3.3,0.2,5.3,7.9,0.667,0,0,,3.3,9.2,12.5,1.3,0,0.7,2,4.6,12.5,,108,111
344,Marcus Morris\morrima03,SF-PF,30,TOT,55,55,1727,9.1,21,0.433,3.7,9.1,0.41,5.4,11.9,0.451,4.8,5.9,0.823,1.5,6.3,7.9,2.2,1.2,0.8,2.5,4.5,26.8,,111,113
345,Markieff Morris\morrima02,PF,30,TOT,52,16,1106,8.4,18.8,0.445,3.6,9.3,0.386,4.8,9.5,0.502,2.9,3.7,0.783,1.5,7.3,8.8,3.3,1.2,0.7,3.3,5.3,23.2,,104,113
346,Monte Morris\morrimo01,PG,24,DEN,65,8,1402,7.8,17,0.459,1.9,5.1,0.375,5.9,12,0.494,1.8,2.2,0.823,0.7,3.2,3.9,8.1,1.9,0.6,1.6,2.3,19.3,,117,112
347,Johnathan Motley\motlejo01,PF,24,LAC,13,0,41,12.6,17.2,0.733,1.1,1.1,1,11.5,16.1,0.714,5.7,8,0.714,3.4,8,11.5,9.2,3.4,0,5.7,6.9,32.2,,131,103
348,Emmanuel Mudiay\mudiaem01,PG,23,UTA,48,1,752,8.8,18.7,0.471,1.8,4.9,0.355,7.1,13.8,0.512,3.4,4.5,0.754,1.1,6.4,7.5,6.9,1.2,0.6,4.2,4.1,22.8,,105,110
349,Mychal Mulder\muldemy01,SG,25,GSW,7,3,204,6.1,15.7,0.388,3.8,12.2,0.308,2.3,3.5,0.667,2.1,2.8,0.75,0.7,4.7,5.4,1.9,0.5,0.2,1.2,4.7,18.1,,104,118
350,Dejounte Murray\murrade01,PG,23,SAS,58,50,1447,8.5,17.8,0.475,1.1,3,0.378,7.3,14.8,0.494,2.5,3.1,0.798,2.2,8.9,11.1,7.9,3.3,0.5,3.6,4.2,20.5,,107,109
351,Jamal Murray\murraja01,PG,22,DEN,55,55,1804,10.5,23.2,0.455,2.9,8.3,0.345,7.7,14.8,0.517,4.3,4.8,0.893,1.1,4.8,5.9,7.3,1.8,0.4,3.4,2.7,28.3,,111,111
352,Džanan Musa\musadz01,SF,20,BRK,35,0,404,5.9,16.3,0.36,1.8,7.6,0.231,4.1,8.7,0.473,3.9,5.2,0.75,2.2,6.1,8.3,3.6,1.5,0.1,3.4,2.9,17.4,,93,110
353,Mike Muscala\muscami01,C,28,OKC,41,0,492,6.3,15.7,0.403,4.3,11.9,0.358,2.1,3.9,0.538,1.8,2.2,0.818,1.3,8,9.3,3.4,0.8,1.1,1.4,5,18.7,,113,110
354,Sviatoslav Mykhailiuk\mykhasv01,SF,22,DET,56,27,1265,6.5,15.7,0.41,4.5,11.1,0.404,2,4.7,0.425,2.2,2.7,0.814,0.7,3.4,4,4.1,1.6,0.2,2.4,3.4,19.6,,110,116
355,Abdel Nader\naderab01,SF,26,OKC,48,5,756,6.4,14.2,0.455,2.5,6.8,0.371,3.9,7.4,0.53,3.1,4,0.774,0.9,4.9,5.8,2.3,1.3,1.3,2.3,4.2,18.5,,107,111
356,Larry Nance Jr.\nancela02,C,27,CLE,56,10,1472,7.6,14.2,0.531,1.9,5.3,0.352,5.7,9,0.636,1.7,2.4,0.676,3.5,10,13.5,4.1,1.9,0.7,2,3,18.6,,122,113
357,Shabazz Napier\napiesh01,PG,28,TOT,51,30,1234,6.4,15.6,0.412,2.7,8.4,0.32,3.7,7.2,0.518,4.4,5.3,0.823,0.9,4.6,5.5,9.5,2.5,0.3,4.2,3.5,19.9,,109,114
358,Raul Neto\netora01,PG,27,PHI,49,3,565,6.8,15,0.451,2.4,6.1,0.394,4.4,8.9,0.49,2.2,2.7,0.839,0.9,3.5,4.5,6.6,1.9,0.4,3.6,3.7,18.2,,106,110
359,Malik Newman\newmama01,SG,22,CLE,1,0,4,0,24.3,0,0,12.2,0,0,12.2,0,24.3,24.3,1,0,0,0,0,0,0,12.2,0,24.3,,58,123
360,Georges Niang\niangge01,PF,26,UTA,58,0,772,7.6,16.7,0.453,4.9,11.7,0.416,2.7,5.1,0.538,1.2,1.4,0.864,0.8,6.1,6.9,2.2,0.8,0.3,1.6,4,21.2,,116,112
361,Nerlens Noel\noelne01,C,25,OKC,55,6,1014,8.4,12.2,0.685,0,0.1,0.333,8.3,12.1,0.689,3.6,4.7,0.765,3.9,9.1,13,2.5,2.7,3.9,2.6,6.9,20.4,,130,102
362,Zach Norvell\norveza01,SG,22,TOT,5,0,41,3.5,14,0.25,3.5,9.3,0.375,0,4.7,0,1.2,1.2,1,0,7,7,3.5,2.3,0,3.5,4.7,11.7,,74,112
363,Jaylen Nowell\nowelja01,SG,20,MIN,15,0,151,5.8,16.3,0.358,0.9,8,0.115,4.9,8.3,0.593,4.9,5.2,0.941,0.9,3.1,4,5.8,0.9,0.3,0.9,3.4,17.5,,109,117
364,Frank Ntilikina\ntilila01,PG,21,NYK,57,26,1187,5.4,13.7,0.393,1.8,5.6,0.321,3.6,8,0.444,2.1,2.4,0.864,0.9,4,5,7.1,2.2,0.7,2.9,5.8,14.6,,103,113
365,Kendrick Nunn\nunnke01,SG,24,MIA,62,62,1846,10.1,22.5,0.448,3.5,9.6,0.362,6.6,12.9,0.512,2,2.4,0.837,0.5,3.9,4.5,5.6,1.4,0.3,2.7,3.8,25.7,,106,113
366,David Nwaba\nwabada01,SF,27,BRK,20,0,268,6.6,12.6,0.521,2.1,5,0.429,4.4,7.6,0.581,3.2,4.8,0.667,1.4,6.6,8,1.4,1.9,2.1,1.4,5.7,18.4,,120,106
367,Royce O'Neale\onealro01,PF,26,UTA,64,55,1862,3.7,8.4,0.439,2.1,5.5,0.389,1.5,2.9,0.536,0.9,1.3,0.735,0.6,8.3,8.9,4.3,1.2,0.7,1.3,4.7,10.5,,119,109
368,Kyle O'Quinn\oquinky01,C,29,PHI,26,1,258,6.6,13.6,0.486,1.3,4.3,0.304,5.3,9.2,0.571,1.9,3.6,0.526,6,12.4,18.5,6.6,0.9,4.1,3.4,6.6,16.4,,113,103
369,Semi Ojeleye\ojelese01,PF,25,BOS,61,5,891,3.5,8.6,0.409,2,5.3,0.367,1.6,3.3,0.475,1.4,1.5,0.893,1.3,5.4,6.7,1.7,1,0.3,0.7,3.4,10.4,,119,111
370,Jahlil Okafor\okafoja01,C,24,NOP,28,9,424,9.6,15.7,0.611,0.1,0.2,0.5,9.5,15.5,0.613,4,6.3,0.638,5,8,13,3.9,0.8,2.1,3.9,6.9,23.3,,116,111
371,Elie Okobo\okoboel01,PG,22,PHO,54,3,707,4.8,12.1,0.398,1.7,4.8,0.352,3.1,7.4,0.427,3.1,4.5,0.687,1.1,4.8,5.9,7.6,1.6,0.3,2.5,3.5,14.4,,107,113
372,Josh Okogie\okogijo01,SG,21,MIN,62,28,1547,5.1,11.9,0.427,1.2,4.6,0.266,3.9,7.3,0.529,4.6,5.7,0.796,2.6,5.4,8,3,2,0.8,2.6,4.2,16,,108,113
373,KZ Okpala\okpalkz01,SF,20,MIA,5,0,26,5.6,9.4,0.6,0,1.9,0,5.6,7.5,0.75,1.9,3.8,0.5,1.9,7.5,9.4,1.9,3.8,1.9,1.9,3.8,13.2,,110,103
374,Victor Oladipo\oladivi01,SG,27,IND,13,10,337,9.1,23.3,0.391,3,10,0.304,6.1,13.3,0.457,4.6,5.9,0.78,1,4.9,5.9,5.6,1.6,0.4,4,3,25.9,,96,110
375,Kelly Olynyk\olynyke01,C,28,MIA,59,6,1089,6.8,14.2,0.476,3.6,8.3,0.432,3.2,5.9,0.538,3.1,3.7,0.854,1.7,10,11.6,4.4,1.7,0.8,2.8,6.5,20.3,,117,108
376,Miye Oni\onimi01,SG,22,UTA,5,0,11,0,8.9,0,0,4.4,0,0,4.4,0,0,0,,0,8.9,8.9,0,0,0,4.4,0,0,,0,113
377,Cedi Osman\osmande01,SF,24,CLE,65,65,1910,6.8,15.5,0.437,3.1,8.2,0.383,3.6,7.3,0.497,1.6,2.4,0.67,1,4.9,5.9,3.9,1.4,0.4,2.3,4.1,18.3,,107,117
378,Kelly Oubre Jr.\oubreke01,SF,24,PHO,56,55,1933,9.1,20.2,0.452,2.6,7.5,0.352,6.5,12.7,0.511,4.7,6,0.78,1.6,7.2,8.8,2.1,1.7,1,2,4.7,25.6,,109,111
379,Tariq Owens\owensta01,PF,24,PHO,3,0,15,3.2,15.8,0.2,0,6.3,0,3.2,9.5,0.333,6.3,6.3,1,6.3,3.2,9.5,0,3.2,0,0,3.2,12.6,,95,111
380,Jeremy Pargo\pargoje01,PG,33,GSW,3,0,44,12,23.9,0.5,3.3,7.6,0.429,8.7,16.3,0.533,0,1.1,0,1.1,2.2,3.3,8.7,1.1,0,4.4,8.7,27.2,,103,119
381,Jabari Parker\parkeja01,PF,24,TOT,33,23,852,10.9,21.8,0.499,1.7,6.3,0.267,9.2,15.5,0.594,3,4.1,0.743,3,7.7,10.7,3.3,2.3,0.8,3.3,5.1,26.5,,106,113
382,Chandler Parsons\parsoch01,SF,31,ATL,5,0,54,4.3,15.5,0.278,3.5,12.1,0.286,0.9,3.5,0.25,0,0,,0.9,5.2,6,2.6,3.5,0.9,2.6,2.6,12.1,,77,112
383,Eric Paschall\pascher01,PF,23,GSW,60,26,1654,9.2,18.5,0.497,1.1,3.7,0.287,8.1,14.8,0.55,4.7,6.1,0.774,2.4,5.6,8,3.7,0.9,0.4,2.7,3.6,24.2,,110,117
384,Anžejs Pasečņiks\pasecan01,C,24,WAS,24,0,405,6.5,12.2,0.528,0,0.2,0,6.5,12,0.538,3.7,6.2,0.593,4.5,6.9,11.4,2,0.9,1.4,2.5,7.5,16.6,,110,116
385,Patrick Patterson\pattepa01,PF,30,LAC,51,18,607,5.9,14.6,0.404,4.3,11,0.387,1.6,3.6,0.457,2.1,2.6,0.794,2.3,7.1,9.4,2.4,0.5,0.2,1.4,3.2,18.2,,118,111
386,Justin Patton\pattoju01,C,22,OKC,5,0,24,8.1,20.3,0.4,2,8.1,0.25,6.1,12.2,0.5,0,0,,2,8.1,10.1,4.1,0,0,4.1,8.1,18.3,,86,113
387,Chris Paul\paulch01,PG,34,OKC,63,63,2003,9.6,19.6,0.489,2.5,6.8,0.362,7.1,12.8,0.557,5.5,6.1,0.9,0.5,7,7.5,10.4,2.4,0.2,3.3,3.4,27.1,,121,108
388,Elfrid Payton\paytoel01,PG,25,NYK,45,36,1246,7.5,17.2,0.439,0.5,2.7,0.203,7,14.5,0.482,1.9,3.4,0.57,2,6.3,8.3,12.6,2.7,0.7,3.8,3.5,17.5,,105,111
389,Gary Payton II\paytoga02,PG,27,WAS,29,17,432,5.2,12.5,0.414,1.4,5,0.283,3.8,7.6,0.5,0.4,0.9,0.5,2.8,5.8,8.6,5.2,3.6,0.8,2.2,5.8,12.2,,103,112
390,Norvel Pelle\pelleno01,C,26,PHI,20,0,178,4.9,9.6,0.514,0,0,,4.9,9.6,0.514,1.6,3.3,0.5,4.4,12,16.4,1.9,0.3,6.8,3.5,10.6,11.5,,96,101
391,Theo Pinson\pinsoth01,SG,24,BRK,33,0,365,5.8,20.1,0.29,1.9,10.4,0.188,3.9,9.7,0.4,1.9,2.1,0.938,1.3,5.7,7,7.3,2.2,0.5,4.3,4.5,15.6,,81,108
392,Mason Plumlee\plumlma01,C,29,DEN,53,1,900,8.4,13.6,0.617,0,0.2,0,8.4,13.4,0.627,4.1,7.6,0.536,4.9,10.6,15.5,6.9,1.6,1.8,4,6.9,20.9,,117,106
393,Vincent Poirier\poirivi01,C,26,BOS,21,0,114,6.8,14,0.485,0.4,0.8,0.5,6.4,13.2,0.484,2.5,3,0.857,4.2,10.2,14.4,3,0.8,2.5,2.5,9.8,16.5,,111,105
394,Jakob Pöltl\poeltja01,C,24,SAS,58,10,965,6.7,10.8,0.619,0,0,,6.7,10.8,0.619,1.8,3.7,0.486,5.2,10.3,15.4,5.1,1.5,4.2,2.2,4.8,15.2,,125,108
395,Shamorie Ponds\pondssh01,PG,21,TOR,4,0,11,13,21.7,0.6,4.3,8.7,0.5,8.7,13,0.667,8.7,8.7,1,0,4.3,4.3,8.7,0,4.3,0,8.7,39,,164,107
396,Jordan Poole\poolejo01,SG,20,GSW,57,14,1274,6.3,18.9,0.333,2.8,10,0.279,3.5,8.9,0.392,3.6,4.5,0.798,0.3,4.1,4.4,5,1.3,0.4,2.8,3.5,18.9,,91,117
397,Kevin Porter Jr.\porteke02,SF,19,CLE,50,3,1162,7.8,17.6,0.442,2.2,6.6,0.335,5.6,11,0.506,3.1,4.2,0.723,0.9,5.9,6.8,4.6,1.9,0.6,3.9,5.7,20.9,,99,115
398,Michael Porter Jr.\portemi01,PF,21,DEN,48,1,670,10.4,21,0.495,3.2,7.5,0.422,7.2,13.5,0.536,2.4,3.2,0.767,3.9,10.8,14.7,2.6,1.5,1.4,2.6,5.5,26.4,,114,107
399,Otto Porter\porteot01,SF,26,CHI,14,9,331,9,20.4,0.443,3.5,9,0.387,5.5,11.4,0.487,2.8,3.9,0.704,1.9,5.1,7,3.6,2.2,0.9,1.6,4.5,24.3,,112,110
400,Bobby Portis\portibo01,C,24,NYK,66,5,1393,9.3,20.6,0.45,2.3,6.5,0.358,6.9,14.1,0.493,2.5,3.3,0.763,2.8,9,11.8,3.4,1.1,0.6,2.6,3.8,23.3,,107,113
401,Kristaps Porziņģis\porzikr01,PF,24,DAL,51,51,1597,10.3,24.5,0.42,3.8,10.9,0.349,6.5,13.6,0.477,5.4,6.9,0.776,2.7,11.9,14.6,2.7,1.1,3.2,2.5,4.8,29.7,,109,106
402,Dwight Powell\poweldw01,C,28,DAL,40,37,1061,6.7,10.5,0.638,0.5,1.8,0.256,6.2,8.7,0.716,3.4,5.1,0.667,3.4,6.9,10.4,2.7,1.6,1,1.6,4.7,17.2,,134,110
403,Norman Powell\powelno01,SG,26,TOR,44,23,1269,9.7,19.4,0.502,3.5,8.9,0.398,6.2,10.5,0.589,4.1,4.9,0.838,0.9,5.2,6.1,2.9,2.1,0.6,2.4,3.5,27.1,,117,106
404,Chasson Randle\randlch01,PG,26,GSW,3,0,40,0,4.8,0,0,2.4,0,0,2.4,0,6,7.2,0.833,0,2.4,2.4,6,2.4,0,0,3.6,6,,113,116
405,Julius Randle\randlju01,PF,25,NYK,64,64,2080,10.8,23.5,0.46,1.5,5.4,0.277,9.3,18.1,0.515,6,8.2,0.733,3.5,11,14.6,4.6,1.2,0.5,4.5,4.2,29.2,,105,112
406,Josh Reaves\reavejo02,SG,22,DAL,2,0,1,0,48.4,0,0,0,,0,48.4,0,0,0,,0,0,0,0,0,0,0,0,0,,0,119
407,Cam Reddish\reddica01,SF,20,ATL,58,34,1551,6.4,16.6,0.384,2.5,7.5,0.332,3.9,9.1,0.428,3,3.8,0.802,1.1,5.4,6.5,2.6,1.9,0.8,2.9,4,18.3,,95,115
408,J.J. Redick\redicjj01,SG,35,NOP,54,35,1425,8.1,18.1,0.45,5.1,11.2,0.452,3.1,6.9,0.446,4.8,5.3,0.902,0.3,4.2,4.5,3.5,0.6,0.3,2.1,2.8,26.1,,122,116
409,Naz Reid\reidna01,C,20,MIN,30,11,495,9.4,22.8,0.412,3,9.1,0.33,6.4,13.7,0.466,3.5,5,0.698,3.2,8.4,11.6,3.3,1.8,2.1,2.1,7.8,25.2,,105,110
410,Josh Richardson\richajo01,SG,26,PHI,48,46,1474,8.1,18.9,0.429,2.3,7.1,0.327,5.8,11.9,0.489,3.3,4.2,0.789,1.2,4.1,5.3,4.9,1.5,1.1,3,4,21.9,,103,110
411,Austin Rivers\riverau01,SG,27,HOU,60,4,1402,6,14.3,0.421,2.8,7.7,0.358,3.3,6.6,0.495,2,3,0.667,0.8,3.9,4.7,3.2,1.4,0.3,1.2,3.7,16.8,,112,113
412,Duncan Robinson\robindu01,SF,25,MIA,65,60,1949,7.2,15.4,0.467,6.1,13.6,0.448,1.1,1.8,0.614,1.2,1.3,0.906,0.2,5.1,5.3,2.3,0.9,0.4,1.5,4.5,21.7,,122,113
413,Glenn Robinson III\robingl02,SF,26,TOT,60,52,1743,7.7,15.9,0.486,2,5.3,0.387,5.7,10.6,0.535,2,2.3,0.867,2.1,5,7.2,2.6,1.5,0.4,1.5,2.7,19.5,,114,115
414,Jerome Robinson\robinje01,SG,22,TOT,55,4,748,4.7,13.6,0.347,1.9,6.5,0.298,2.8,7,0.393,1.3,1.8,0.69,0.6,6.1,6.7,4.1,1.4,0.9,2.1,5.2,12.6,,91,111
415,Justin Robinson\robinju01,PG,22,WAS,9,0,49,4.8,11.4,0.417,2.9,4.8,0.6,1.9,6.7,0.286,0,0,,1,3.8,4.8,6.7,0,1,2.9,1.9,12.4,,105,121
416,Mitchell Robinson\robinmi01,C,21,NYK,61,7,1412,8.7,11.8,0.742,0,0,,8.7,11.8,0.742,2.9,5.1,0.568,6.4,8.3,14.8,1.2,1.8,4.1,1.3,6.7,20.3,,144,107
417,Isaiah Roby\robyis01,SF,21,OKC,3,0,11,0,4.4,0,0,0,,0,4.4,0,0,0,,0,8.9,8.9,0,0,0,4.4,4.4,0,,0,113
418,Rajon Rondo\rondora01,PG,33,LAL,48,3,984,6.6,15.9,0.418,2,6,0.328,4.6,9.8,0.473,1.3,2,0.659,1.1,5.8,6.9,11.6,1.9,0.1,4.4,2.8,16.5,,103,108
419,Derrick Rose\rosede01,PG,31,DET,50,15,1298,14,28.5,0.49,1.7,5.6,0.306,12.3,23,0.535,4.6,5.3,0.871,1,3.6,4.6,10.5,1.5,0.6,4.8,1.9,34.3,,109,115
420,Terrence Ross\rosste01,SG,28,ORL,63,0,1723,9,22,0.407,4.6,12.9,0.357,4.4,9.2,0.477,3.9,4.6,0.845,0.4,5.4,5.8,2.1,2,0.6,1.8,2.7,26.3,,106,110
421,Terry Rozier\roziete01,PG,25,CHO,63,63,2164,9.2,21.8,0.423,4,9.8,0.407,5.2,12,0.436,3.8,4.4,0.874,1.2,5.2,6.4,6,1.4,0.2,3.3,2.9,26.3,,108,115
422,Ricky Rubio\rubiori01,PG,29,PHO,57,57,1802,6.6,16.1,0.412,1.7,4.9,0.351,4.9,11.1,0.44,4.6,5.4,0.853,1.1,5.9,7,13.3,2.3,0.2,4.1,3.8,19.5,,112,111
423,D'Angelo Russell\russeda01,PG,23,TOT,45,45,1452,11.8,27.7,0.426,5.2,14.1,0.367,6.6,13.6,0.487,5.3,6.5,0.809,0.6,5.2,5.8,9.3,1.6,0.4,4.8,2.8,34,,106,115
424,Domantas Sabonis\sabondo01,C,23,IND,62,62,2159,10.3,19.1,0.54,0.4,1.5,0.254,10,17.6,0.565,4.8,6.7,0.723,4.3,13.1,17.4,7,1.1,0.7,3.8,4.4,25.9,,115,106
425,Luka Šamanić\samanlu01,PF,20,SAS,1,0,12,0,16,0,0,8,0,0,8,0,0,0,,0,8,8,12,0,0,0,0,0,,43,118
426,JaKarr Sampson\sampsja02,SF,26,IND,26,10,340,6.9,11.6,0.593,0.3,1.9,0.154,6.6,9.7,0.676,1.6,2.9,0.55,2.1,6.3,8.5,1.3,1.3,1.3,1,6.2,15.6,,119,109
427,Dario Šarić\saricda01,PF,25,PHO,58,50,1441,7.1,15.4,0.462,2.4,7,0.341,4.7,8.4,0.563,2.6,3.1,0.832,2.9,8.4,11.3,3.6,1.1,0.5,2.4,4.3,19.3,,112,112
428,Tomáš Satoranský\satorto01,PG,28,CHI,65,64,1878,6.1,14.1,0.43,1.6,5.1,0.322,4.4,9,0.491,2.7,3.1,0.876,1.9,4.6,6.5,9.1,2.1,0.2,3.3,3.5,16.5,,111,112
429,Admiral Schofield\schofad01,SF,22,WAS,27,2,293,4.8,11.9,0.4,2.2,7.5,0.298,2.5,4.5,0.571,1.4,2.1,0.692,1,4.5,5.4,2.2,1.3,0.5,1.1,6.5,13.2,,105,118
430,Dennis Schröder\schrode01,PG,26,OKC,63,1,1952,11,23.6,0.468,3,8,0.381,8,15.6,0.512,4.8,5.7,0.839,0.5,5.3,5.8,6.4,1.1,0.3,4,3.4,29.9,,108,112
431,Mike Scott\scottmi01,PF,31,PHI,63,10,1119,5.6,13.9,0.408,3.2,8.9,0.358,2.5,5,0.496,1.1,1.3,0.833,2.5,7.3,9.8,2.1,0.8,0.2,1,3.7,15.5,,113,111
432,Thabo Sefolosha\sefolth01,PF,35,HOU,41,0,436,3.9,9.7,0.407,1.6,5.8,0.278,2.3,3.9,0.595,0.3,0.9,0.375,2.2,7.7,9.9,2.7,2.6,1.3,1.6,4.6,9.8,,104,107
433,Collin Sexton\sextoco01,SG,21,CLE,65,65,2143,11.6,24.7,0.472,2.2,5.8,0.38,9.4,18.9,0.501,5.1,6.1,0.846,1.4,3.2,4.6,4.4,1.5,0.2,3.6,3.2,30.6,,108,118
434,Landry Shamet\shamela01,SG,22,LAC,47,27,1294,5.3,12.8,0.416,3.8,9.8,0.392,1.5,3,0.494,2.1,2.3,0.905,0.2,3.1,3.3,3.2,0.7,0.3,1.3,4.7,16.5,,119,112
435,Marial Shayok\shayoma01,SG,24,PHI,2,0,10,4.9,24.3,0.2,4.9,14.6,0.333,0,9.7,0,0,0,,0,14.6,14.6,4.9,0,0,4.9,0,14.6,,61,110
436,Iman Shumpert\shumpim01,SG,29,BRK,13,0,241,4.1,12.6,0.328,1.6,6.5,0.242,2.6,6.1,0.419,0.8,1.4,0.571,1.8,4.9,6.7,2.4,2.4,0.4,2,4.1,10.6,,85,109
437,Pascal Siakam\siakapa01,PF,25,TOR,53,53,1882,11.6,25.4,0.459,2.9,8.1,0.359,8.7,17.2,0.506,5.6,7,0.8,1.4,8.7,10.1,4.8,1.3,1.2,3.3,3.8,31.8,,108,105
438,Chris Silva\silvach01,PF,23,MIA,41,0,307,6.9,11,0.623,0,0.3,0,6.9,10.7,0.642,5.4,7.8,0.694,8.6,8.8,17.4,3.3,1.4,2.9,4.9,12.7,19.1,,120,106
439,Ben Simmons\simmobe01,PG,23,PHI,54,54,1930,9.1,15.5,0.585,0.1,0.2,0.333,9,15.4,0.588,4.5,7.1,0.627,2.7,7.9,10.6,11.1,2.9,0.8,4.8,4.4,22.7,,116,105
440,Anfernee Simons\simonan01,SG,20,POR,65,4,1400,7.2,17.9,0.402,2.5,7.5,0.338,4.7,10.4,0.448,2.6,3.1,0.826,0.9,4.2,5,3.2,0.9,0.3,2.1,4.5,19.5,,102,118
441,Alen Smailagić\smailal01,PF,19,GSW,14,0,139,6.9,13.8,0.5,1,4.5,0.231,5.9,9.3,0.63,5.5,6.5,0.842,3.4,5.9,9.3,4.5,1,1.4,3.8,4.8,20.3,,112,115
442,Marcus Smart\smartma01,SG,25,BOS,53,39,1721,6.7,17.8,0.38,3.6,10.3,0.348,3.1,7.4,0.424,3,3.6,0.835,1.1,4.6,5.7,7.2,2.4,0.8,2.5,4,20.1,,110,107
443,Dennis Smith Jr.\smithde03,PG,22,NYK,34,3,537,6.5,19.1,0.341,1.5,4.9,0.296,5.1,14.2,0.357,2.4,4.8,0.509,1.9,5.2,7.1,8.9,2.5,0.7,5.3,5.9,17,,84,112
444,Ish Smith\smithis01,PG,31,WAS,60,19,1570,7.8,17.3,0.451,1.6,4.5,0.367,6.2,12.8,0.48,1.4,2.1,0.686,0.8,4.8,5.6,8.5,1.5,0.7,2.3,2.5,18.6,,109,117
445,Zhaire Smith\smithzh01,SG,20,PHI,7,0,32,4.6,16.7,0.273,0,4.6,0,4.6,12.1,0.375,3,6.1,0.5,0,3,3,3,4.6,0,3,6.1,12.1,,65,105
446,Tony Snell\snellto01,SF,28,DET,59,57,1641,5.1,11.5,0.445,3.1,7.6,0.402,2,3.8,0.531,1,1,1,0.3,3.1,3.3,3.8,1,0.4,0.9,3,14.2,,121,117
447,Omari Spellman\spellom01,PF,22,GSW,49,3,886,6.9,15.9,0.431,2.3,5.9,0.391,4.5,10,0.454,3.9,5,0.793,4.2,7.7,11.8,2.5,1.8,1.3,2.9,3.4,20,,107,112
448,Max Strus\strusma01,SG,23,CHI,2,0,6,16.1,24.1,0.667,0,8,0,16.1,16.1,1,8,8,1,8,0,8,0,0,0,0,8,40.1,,153,119
449,Edmond Sumner\sumneed01,PG,24,IND,25,2,345,6.6,15.7,0.423,1.4,5.4,0.263,5.2,10.3,0.507,1.4,2.1,0.667,1.4,3.8,5.2,5.5,2.1,1.1,2.7,4.9,16.1,,98,109
450,Caleb Swanigan\swanica01,PF,22,TOT,27,1,288,4.6,7.8,0.596,0,0.3,0,4.6,7.5,0.622,1.5,2.8,0.529,4.5,12.1,16.6,5.1,0.5,1.2,6.1,10.3,10.8,,94,112
451,Jayson Tatum\tatumja01,PF,21,BOS,59,59,2043,11.8,26.3,0.448,4,9.9,0.398,7.9,16.4,0.479,5.3,6.6,0.806,1.3,8.5,9.9,4.1,2,1.3,3.1,2.9,32.9,,110,105
452,Jeff Teague\teaguje01,PG,31,TOT,59,17,1464,6.8,15.5,0.436,1.4,3.7,0.368,5.4,11.8,0.457,5.5,6.3,0.873,0.9,3.7,4.5,9.8,1.4,0.6,3.7,3.4,20.4,,112,116
453,Garrett Temple\templga01,SG,33,BRK,55,31,1547,6.1,16.1,0.378,3.4,10.6,0.324,2.6,5.5,0.483,1.7,2.2,0.767,0.9,5,5.8,4.3,1.3,0.8,1.7,2.9,17.3,,105,110
454,Daniel Theis\theisda01,C,27,BOS,58,57,1382,7.6,13.4,0.565,0.9,2.8,0.321,6.6,10.5,0.631,2.8,3.7,0.764,4.5,8.7,13.3,3.3,1.2,2.6,1.7,7,18.9,,130,105
455,Isaiah Thomas\thomais02,PG,30,WAS,40,37,925,8.8,21.5,0.408,3.9,9.5,0.413,4.8,12,0.405,3.1,3.8,0.816,0.6,2.9,3.4,7.4,0.7,0.3,3.9,3.9,24.6,,103,121
456,Khyri Thomas\thomakh01,SG,23,DET,8,0,61,4,13.7,0.294,4,11.3,0.357,0,2.4,0,1.6,3.2,0.5,0.8,0,0.8,2.4,2.4,0,2.4,7.3,13.7,,88,116
457,Matt Thomas\thomama02,SG,25,TOR,33,0,321,8,16.5,0.486,5.2,11.1,0.467,2.8,5.4,0.528,1,1.5,0.7,1,6.1,7.1,2.5,1.2,0,1.8,4.6,22.3,,119,108
458,Tristan Thompson\thomptr01,C,28,CLE,57,51,1721,8.1,15.9,0.512,0.3,0.7,0.391,7.9,15.2,0.518,2.8,4.6,0.615,6.4,9.9,16.3,3.4,0.9,1.4,2.9,3.5,19.3,,112,114
459,Matisse Thybulle\thybuma01,SG,22,PHI,57,13,1110,4.2,10.2,0.41,2.2,6.2,0.352,2,4,0.5,1.1,1.8,0.61,1.5,2.2,3.8,3.1,3.5,1.8,2,5.3,11.7,,103,105
460,Anthony Tolliver\tollian01,PF,34,TOT,47,9,732,3.5,10.1,0.348,2.5,7.9,0.322,1,2.2,0.441,1.2,1.6,0.72,2,6.7,8.7,2.1,1,0.7,2,4.2,10.7,,100,115
461,Juan Toscano-Anderson\toscaju01,SF,26,GSW,13,6,272,5.1,11.1,0.46,1.4,4,0.348,3.7,7,0.525,0.5,0.9,0.6,1.6,7.6,9.1,4.6,2.3,0.9,2.8,5.3,12.1,,98,112
462,Karl-Anthony Towns\townska01,C,24,MIN,35,35,1187,12.4,24.3,0.508,4.5,10.8,0.412,7.9,13.5,0.586,7,8.8,0.796,3.7,11.1,14.8,6,1.3,1.6,4.3,4.6,36.2,,121,110
463,Gary Trent Jr.\trentga02,SG,21,POR,53,8,1059,6.7,15.8,0.426,3.5,9,0.388,3.2,6.7,0.477,1.4,1.6,0.833,0.9,3.1,4,2.3,1.8,0.6,0.9,3.1,18.3,,115,116
464,Allonzo Trier\trieral01,PG,24,NYK,24,1,291,8.5,17.7,0.481,3.2,8.9,0.358,5.4,8.9,0.604,5.7,7.2,0.791,1,3.8,4.9,4.7,0.5,0.7,3.7,4.9,25.9,,115,118
465,P.J. Tucker\tuckepj01,PF,34,HOU,64,64,2203,3.4,7.9,0.433,2,5.4,0.37,1.4,2.5,0.573,0.8,0.9,0.841,2.2,7.1,9.3,2.1,1.5,0.7,1.4,4.4,9.6,,117,111
466,Rayjon Tucker\tuckera01,SG,22,UTA,14,0,78,5,11.9,0.421,0,3.8,0,5,8.1,0.615,1.9,3.1,0.6,1.3,6.9,8.1,1.3,0.6,0,1.9,4.4,11.9,,88,112
467,Evan Turner\turneev01,PG,31,ATL,19,0,251,4.6,12.4,0.373,0,0.9,0,4.6,11.5,0.403,2.2,2.6,0.857,1.5,5.6,7.1,7.1,1.7,1.5,4.8,3.7,11.5,,84,115
468,Myles Turner\turnemy01,C,23,IND,55,55,1628,7,15.5,0.451,2.3,6.9,0.336,4.7,8.6,0.542,3.2,4.3,0.75,2.1,8.7,10.8,1.8,1.3,3.6,2,4.1,19.5,,108,105
469,Jarrod Uthoff\uthofja01,SF,26,MEM,4,0,14,3.3,23.3,0.143,0,13.3,0,3.3,10,0.333,6.7,6.7,1,3.3,0,3.3,0,3.3,0,0,3.3,13.3,,67,112
470,Jonas Valančiūnas\valanjo01,C,27,MEM,62,62,1630,11,18.8,0.586,0.8,2.3,0.367,10.2,16.6,0.616,3.5,4.8,0.732,5.4,14.5,19.9,3.1,0.7,2,3.1,4.6,26.4,,120,107
471,Denzel Valentine\valende01,SF,26,CHI,36,5,488,9.6,23.4,0.409,4.5,13.5,0.336,5,9.9,0.51,0.6,0.8,0.75,0.9,6.4,7.3,4.2,2.6,0.6,2.6,5,24.3,,100,109
472,Jarred Vanderbilt\vandeja01,SF-PF,20,TOT,11,0,46,5.3,8.5,0.625,0,1.1,0,5.3,7.5,0.714,2.1,2.1,1,3.2,6.4,9.6,2.1,3.2,1.1,7.5,6.4,12.8,,81,107
473,Fred VanVleet\vanvlfr01,PG,25,TOR,48,48,1719,8,19.5,0.409,3.6,9.4,0.388,4.3,10.1,0.43,3.9,4.6,0.843,0.5,4.5,5,8.8,2.5,0.4,3.1,3.3,23.5,,111,106
474,Gabe Vincent\vincega01,PG,23,MIA,6,0,42,4.7,22.1,0.211,4.7,18.6,0.25,0,3.5,0,0,0,,0,3.5,3.5,3.5,1.2,0,0,2.3,14,,75,114
475,Noah Vonleh\vonleno01,C-PF,24,TOT,33,1,364,6.4,11.4,0.562,0.4,1.9,0.2,6,9.5,0.635,3.1,3.8,0.8,4.7,11,15.7,3.5,1.4,0.8,2.7,4.9,16.2,,120,111
476,Nikola Vučević\vucevni01,C,29,ORL,54,54,1763,11.8,25.2,0.47,2.3,6.9,0.329,9.6,18.3,0.523,3.2,4,0.781,3.6,12.9,16.5,5.6,1.3,1.3,2.1,3.3,29.1,,113,107
477,Dean Wade\wadede01,PF,23,CLE,12,0,71,6.2,8.9,0.692,1.4,2.7,0.5,4.8,6.2,0.778,0,0.7,0,2.1,11,13,1.4,1.4,2.7,2.1,5.5,13.7,,122,111
478,Moritz Wagner\wagnemo01,C,22,WAS,37,5,707,8.6,15.1,0.575,1.5,4.4,0.343,7.1,10.6,0.671,4.4,5.4,0.817,3.4,9.3,12.7,3.2,1.5,1.1,3.6,8.8,23.2,,119,114
479,Dion Waiters\waitedi01,SG,28,MIA,3,0,42,11.6,30.3,0.385,9.3,19.8,0.471,2.3,10.5,0.222,0,1.2,0,0,12.8,12.8,3.5,0,2.3,3.5,5.8,32.6,,93,108
480,Kemba Walker\walkeke02,PG,29,BOS,50,50,1592,10.6,25.3,0.421,5,13.3,0.377,5.6,12,0.47,5.9,6.8,0.867,1,5.2,6.2,7.5,1.4,0.8,3.3,2.3,32.2,,115,109
481,Lonnie Walker\walkelo01,SG,21,SAS,53,4,767,7.3,16.7,0.434,1.8,4.4,0.408,5.4,12.3,0.444,2.4,3.3,0.717,1.3,5.9,7.2,2.9,1.8,0.8,1.9,4.4,18.7,,101,114
482,Tyrone Wallace\wallaty01,SG,25,ATL,14,0,160,4.1,12.8,0.318,0.3,4.4,0.067,3.8,8.4,0.448,3.2,5,0.647,0.9,5.5,6.4,3.8,2,0.3,2.9,5.5,11.6,,80,115
483,Taurean Prince\princta02,SF,25,BRK,64,61,1857,7.1,18.9,0.376,3.7,11,0.339,3.4,7.9,0.429,1.8,2.3,0.798,1.3,8.5,9.7,3,1.5,0.6,3.2,4.1,19.8,,94,108
484,Derrick Walton\waltode01,PG,24,TOT,26,1,248,3.4,7.4,0.462,1.9,4.6,0.417,1.5,2.9,0.533,1.3,1.7,0.778,0.4,2.7,3.1,5.2,1.3,0,1,4,10.1,,131,112
485,Brad Wanamaker\wanambr01,PG,30,BOS,63,1,1215,5.4,12.7,0.428,1.3,3.6,0.367,4.1,9.1,0.452,4.3,4.6,0.931,0.8,4.2,4.9,6.3,2.1,0.5,2.8,4.8,16.4,,112,108
486,T.J. Warren\warretj01,SF,26,IND,61,61,1984,11.3,21.3,0.529,1.7,4.5,0.375,9.6,16.8,0.571,3.7,4.6,0.812,1.5,4.4,5.9,2.1,1.7,0.7,1.9,4.2,28,,115,110
487,P.J. Washington\washipj01,PF,21,CHO,58,57,1759,7.6,16.8,0.455,2.4,6.6,0.374,5.2,10.2,0.507,2.5,3.9,0.647,1.7,7.3,9,3.5,1.5,1.3,2.6,4.5,20.2,,105,112
488,Yuta Watanabe\watanyu01,SG,25,MEM,16,0,99,5.7,13.7,0.414,1.4,3.8,0.375,4.2,9.9,0.429,1.4,3.8,0.375,2.8,5.2,8,1.9,2.4,0.5,0.9,4.2,14.2,,101,111
489,Tremont Waters\watertr01,PG,22,BOS,10,0,89,6.5,19,0.343,1.6,9.2,0.176,4.9,9.8,0.5,3.3,3.3,1,0,4.9,4.9,6.5,2.7,1.1,5.4,6,17.9,,83,106
490,Paul Watson\watsopa01,SF-SG,25,TOT,5,0,25,0,15,0,0,7.5,0,0,7.5,0,1.9,3.8,0.5,0,7.5,7.5,9.4,1.9,1.9,0,1.9,1.9,,46,110
491,Quinndary Weatherspoon\weathqu01,SG,23,SAS,3,0,15,0,9.6,0,0,3.2,0,0,6.4,0,0,0,,0,3.2,3.2,3.2,0,0,0,0,0,,21,121
492,Russell Westbrook\westbru01,PG,31,HOU,53,53,1905,13.9,29.2,0.474,1.2,4.9,0.254,12.6,24.3,0.518,6.6,8.4,0.777,2.3,8.1,10.4,9,2.1,0.4,5.8,4.6,35.5,,107,109
493,Coby White\whiteco01,SG,19,CHI,65,1,1674,9,22.8,0.394,3.8,10.8,0.354,5.2,12,0.43,2.9,3.7,0.791,0.8,5.8,6.6,5,1.4,0.2,3.1,3.4,24.7,,100,112
494,Derrick White\whitede01,SG,25,SAS,61,13,1468,7,15.2,0.459,1.9,5.2,0.356,5.1,9.9,0.513,4.9,5.7,0.857,1,5.3,6.3,6.7,1.3,1.8,2.5,4.4,20.7,,117,114
495,Hassan Whiteside\whiteha01,C,30,POR,61,61,1911,10.4,16.9,0.618,0.1,0.2,0.571,10.3,16.7,0.619,3.8,5.6,0.68,6.1,15.6,21.7,1.8,0.6,4.7,2.9,4.5,24.8,,124,106
496,Andrew Wiggins\wiggian01,SF-SG,24,TOT,54,54,1858,11,24.6,0.447,2.8,8.4,0.332,8.2,16.2,0.506,4.8,6.7,0.709,1.7,5.2,6.9,5,1.1,1.3,3.3,3.2,29.6,,105,114
497,Grant Williams\willigr01,PF,21,BOS,62,5,970,4,9.6,0.417,1,4.2,0.247,2.9,5.3,0.551,1.8,2.5,0.725,2.9,5.3,8.2,3.1,1.4,1.6,2.3,7.4,10.9,,105,108
498,Johnathan Williams\willijo04,C,24,WAS,11,5,135,5.5,8.6,0.64,0,0.7,0,5.5,8,0.696,1,1.7,0.6,5.2,9.7,14.9,2.1,0.3,2.1,1.4,3.8,12.1,,132,115
499,Kenrich Williams\willike04,PF,25,NOP,35,18,779,2.9,8.5,0.343,1.5,5.7,0.26,1.4,2.8,0.511,0.5,1.4,0.375,2.9,7.7,10.6,3.1,1.5,1.2,1.2,4.8,7.8,,103,111
500,Lou Williams\willilo02,SG,33,LAC,60,8,1757,9.8,23.7,0.416,2.9,7.9,0.363,7,15.8,0.442,7.5,8.6,0.863,0.8,4.2,5,9.2,1.1,0.3,4.6,2.1,30,,109,111
501,Marvin Williams\willima02,PF,33,TOT,52,1,1011,5.3,12.1,0.442,2.5,7,0.361,2.8,5.1,0.552,2.3,2.6,0.87,1,6.2,7.2,2.7,1.7,1.3,1.4,4.6,15.5,,116,110
502,Robert Williams\williro04,C,22,BOS,23,1,323,6.3,9.3,0.677,0,0,,6.3,9.3,0.677,2.1,3.7,0.56,5.1,11.1,16.2,3.3,3,4.2,3,6,14.7,,123,98
503,Nigel Williams-Goss\willini01,PG,25,UTA,9,0,28,1.7,12.2,0.143,0,3.5,0,1.7,8.7,0.2,3.5,3.5,1,3.5,5.2,8.7,8.7,1.7,1.7,3.5,3.5,7,,80,108
504,Zion Williamson\willizi01,PF,19,NOP,19,19,565,14.1,23.9,0.589,0.5,1.1,0.462,13.6,22.8,0.595,8,12.4,0.645,4.5,6.1,10.5,3.4,1.3,0.7,4.2,2.6,36.6,,116,113
505,D.J. Wilson\wilsodj01,PF,23,MIL,31,0,280,6.5,16.5,0.396,2.3,9,0.255,4.2,7.5,0.565,1,1.5,0.667,1.6,9.5,11.1,3.6,0.3,0.8,2.4,4.2,16.3,,95,104
506,Justise Winslow\winslju01,SF,23,MIA,11,5,352,6.9,17.9,0.388,0.8,3.8,0.222,6.1,14.2,0.431,2.5,3.8,0.667,2.2,7.9,10.1,6.1,1,0.7,3.3,5.3,17.2,,93,111
507,Christian Wood\woodch01,PF,24,DET,62,12,1325,10.7,18.9,0.567,2,5.2,0.386,8.7,13.7,0.636,6.7,9,0.744,3.9,10.6,14.5,2.2,1.3,2,3.1,3.6,30.1,,123,110
508,Delon Wright\wrighde01,SG,27,DAL,65,5,1412,6.1,13.1,0.47,1.5,4,0.385,4.6,9.1,0.508,2.4,3.1,0.789,2.3,6.6,8.9,7.5,2.6,0.7,2.3,2.8,16.3,,121,109
509,Justin Wright-Foreman\wrighju02,PG,22,UTA,1,0,2,0,0,,0,0,,0,0,,0,0,,0,0,0,0,0,0,0,0,0,,,117
510,Thaddeus Young\youngth01,PF,31,CHI,64,16,1591,8.1,18.2,0.448,2.4,6.7,0.356,5.8,11.5,0.501,1.3,2.2,0.583,2.8,6.7,9.5,3.5,2.8,0.7,3.1,4.1,20,,101,108
511,Trae Young\youngtr01,PG,21,ATL,60,60,2120,12,27.5,0.437,4.5,12.5,0.361,7.5,15,0.501,10.6,12.3,0.86,0.7,4.9,5.6,12.3,1.4,0.2,6.4,2.3,39.1,,114,117
512,Cody Zeller\zelleco01,C,27,CHO,58,39,1341,9.4,17.9,0.524,0.7,2.8,0.24,8.7,15.1,0.577,4.6,6.7,0.682,6,9.4,15.4,3.3,1.5,0.9,2.8,5.2,24,,116,111
513,Ante Žižić\zizican01,C,23,CLE,22,0,221,9,15.9,0.569,0,0,,9,15.9,0.569,3.1,4.2,0.737,4,10.6,14.5,1.3,1.5,1.1,2.2,5.9,21.1,,116,113
514,Ivica Zubac\zubaciv01,C,22,LAC,64,62,1156,8.2,13.7,0.601,0,0.1,0,8.2,13.6,0.605,4.4,5.8,0.759,6.8,12,18.8,2.8,0.5,2.4,2.2,6,20.8,,132,104